step,t,month,hour,action,action_name,delta_hours,temp,precip_mm,wet,sun_frac,humidity,wind,snow_cover_flag,feels_like,lat,lon,current_node,poi_category,poi_name,target_node,mode,distance_m,travel_time_min
0,1,1,1,1,random_activity,1,-2.095964058355359,0.0,0,0.0,88.59080723794744,2.0529438517456047,0,-4.967354627008991,46.9270005,7.4989352,278860240,pool,Pool 1,278860240.0,drive,9141.433329162142,18.282866658324284
1,3,1,3,1,random_activity,2,-0.8556213168421196,0.0,0,0.0,91.93561157971634,1.7952814442946072,0,-3.1776649834825794,46.886931,7.5020927,300025613,park,Park 1,300025613.0,walk,5191.330212434144,64.8916276554268
2,5,1,5,1,random_activity,2,-1.9651883415949039,0.0,0,0.0,95.57989959774451,1.8090436480472825,0,-4.479778523983029,46.9357016,7.4692712,9455383235,gym,Gym 2,9455383235.0,walk,7714.350028063813,96.42937535079766
3,6,1,6,0,stay,1,-1.9393444998106704,0.0,0,0.0,95.63992657069448,2.204841735371015,0,-4.976457857639937,46.9357016,7.4692712,9455383235,,,,,0.0,0.0
4,7,1,7,0,stay,1,-0.468440237466603,0.0,0,0.0,87.07376220230776,1.4507241464008098,0,-2.2084935524300757,46.9357016,7.4692712,9455383235,,,,,0.0,0.0
5,8,1,8,1,random_activity,1,-0.8755181513100848,0.0,0,0.10535027141883285,90.11752937505554,1.8616358270391244,0,-3.2925754604011557,46.886931,7.5020927,300025613,park,Park 1,300025613.0,bike,7714.35002806381,30.85740011225524
6,9,1,9,1,random_activity,1,0.9712870024915977,0.0,0,0.21977854450891376,89.69686126342579,2.8413709258608733,0,-2.1945782701307732,46.886931,7.5020927,300025613,park,Park 1,300025613.0,bike,0.0,0.0
7,10,1,10,1,random_activity,1,1.0133840842984307,0.0,0,0.3995683959027109,80.34496006992856,0.25659666485250665,0,1.0133840842984307,46.886931,7.5020927,300025613,park,Park 1,300025613.0,bike,0.0,0.0
8,11,1,11,1,random_activity,1,2.273749444930571,0.0,0,0.529644240122177,78.77788961039552,2.617991154638143,0,-0.439041314421199,46.9449518,7.4382919,3409298102,gym,Gym 1,3409298102.0,drive,8911.526126786184,17.823052253572367
9,12,1,12,1,random_activity,1,0.7782320244049903,0.0,0,0.570664243282958,81.88192018708516,1.2036027693088434,0,0.7782320244049903,46.886931,7.5020927,300025613,park,Park 1,300025613.0,bike,8710.42687386864,34.84170749547456
10,13,1,13,1,random_activity,1,0.6230904707760498,0.0,0,0.5692599843955071,80.77638888281842,0.4291951580691675,0,0.6230904707760498,46.9270005,7.4989352,278860240,pool,Pool 1,278860240.0,drive,9427.604015681143,18.855208031362288
11,14,1,14,1,random_activity,1,1.7170473565892301,0.0,0,0.47728584769082105,77.6556014062905,2.0075613068087903,0,-0.46472992671568863,46.9357016,7.4692712,9455383235,gym,Gym 2,9455383235.0,bike,2882.491094414183,11.529964377656732
12,15,1,15,0,stay,1,3.25697952373908,0.0,0,0.32959786220609333,76.60386839579017,1.9159797028625496,0,1.4323698204728588,46.9357016,7.4692712,9455383235,,,,,0.0,0.0
13,16,1,16,1,random_activity,1,2.755229456404019,0.0,0,0.056481843054536074,69.18703988390344,2.4504616473866814,0,0.28808639025877864,46.9270005,7.4989352,278860240,pool,Pool 1,278860240.0,bike,2882.4910944141825,11.52996437765673
14,17,1,17,1,random_activity,1,1.6947915817209807,0.0,0,0.0,78.90008672016373,1.3387540446393849,0,1.6947915817209807,46.9357016,7.4692712,9455383235,gym,Gym 2,9455383235.0,drive,2897.988691731666,5.795977383463333
15,18,1,18,1,random_activity,1,2.6069917819975466,0.0,0,0.0,81.54989491030071,2.1422524474915234,0,0.42413355166036837,46.9270005,7.4989352,278860240,pool,Pool 1,278860240.0,bike,2882.4910944141825,11.52996437765673
16,19,1,19,1,random_activity,1,1.1761602447753452,0.0,0,0.0,75.76994181416684,1.7700007847582986,0,-0.7966498025846648,46.9270005,7.4989352,278860240,pool,Pool 1,278860240.0,walk,0.0,0.0
17,20,1,20,1,random_activity,1,1.5431718420328833,0.0,0,0.0,81.6759420258301,1.0962250547308303,0,1.5431718420328833,46.886931,7.5020927,300025613,park,Park 1,300025613.0,bike,5191.330212434144,20.76532084973658
18,21,1,21,1,random_activity,1,1.2626650292152353,0.0,0,0.0,83.49700558791554,3.236347065572067,0,-2.177625768057491,46.9270005,7.4989352,278860240,pool,Pool 1,278860240.0,drive,9427.604015681143,18.855208031362288
19,22,1,22,1,random_activity,1,-0.058346535724267845,0.0,0,0.0,88.27600271863945,2.0535076346199257,0,-2.5899739281756182,46.9357016,7.4692712,9455383235,gym,Gym 2,9455383235.0,bike,2882.491094414183,11.529964377656732
20,23,1,23,0,stay,1,0.2333248731016071,0.0,0,0.0,86.17963142946424,2.341087937288472,0,-2.5784889654801884,46.9357016,7.4692712,9455383235,,,,,0.0,0.0
21,24,1,0,1,random_activity,1,0.28163372066512626,0.0,0,0.0,100.0,0.8053557684148117,0,0.28163372066512626,46.9357016,7.4692712,9455383235,gym,Gym 2,9455383235.0,walk,0.0,0.0
22,26,1,2,1,random_activity,2,-0.5461577836782145,0.0,0,0.0,92.51815325513738,0.0,0,-0.5461577836782145,46.886931,7.5020927,300025613,park,Park 1,300025613.0,walk,7714.35002806381,96.42937535079763
23,28,1,4,1,random_activity,2,-1.6851550156412745,0.0,0,0.0,91.41150671677822,1.9463455708819752,0,-4.347165622854333,46.9270005,7.4989352,278860240,pool,Pool 1,278860240.0,walk,5191.330212434148,64.89162765542684
24,29,1,5,0,stay,1,-0.5723175405866756,0.0,0,0.0,88.01186704914122,0.4365176640672568,0,-0.5723175405866756,46.9270005,7.4989352,278860240,,,,,0.0,0.0
25,30,1,6,1,random_activity,1,0.3657977794175242,0.0,0,0.0,95.98046854454883,0.7349860330145215,0,0.3657977794175242,46.9270005,7.4989352,278860240,pool,Pool 1,278860240.0,drive,0.0,0.0
26,32,1,8,1,random_activity,2,0.6777662536032563,0.0,0,0.05065243702743438,84.18457457756979,2.223868804824016,0,-1.9269310018308279,46.886931,7.5020927,300025613,park,Park 1,300025613.0,walk,5191.330212434144,64.8916276554268
27,33,1,9,0,stay,1,2.0461905656333568,0.0,0,0.30626999536422106,80.4239709006058,1.5030495776947663,0,0.573998960698749,46.886931,7.5020927,300025613,,,,,0.0,0.0
28,34,1,10,0,stay,1,-0.3751673497456498,0.0,0,0.4644030256078086,83.06556147986238,0.8653649728610923,0,-0.3751673497456498,46.886931,7.5020927,300025613,,,,,0.0,0.0
29,35,1,11,0,stay,1,-1.4128312099070475,0.0,0,0.5895502526044145,85.68073358396248,1.816869749598765,0,-3.8522854870730168,46.886931,7.5020927,300025613,,,,,0.0,0.0
30,37,1,13,1,random_activity,2,0.15555801673722724,0.0,0,0.6590054969666929,78.67785955156398,2.051350806321981,0,-2.3377077159270243,46.9270005,7.4989352,278860240,pool,Pool 1,278860240.0,walk,5191.330212434148,64.89162765542684
31,38,1,14,1,random_activity,1,0.36916461661363376,1.5418660699002846,1,0.21617105122362915,88.56967354374133,1.1388904850832127,0,0.36916461661363376,46.886931,7.5020927,300025613,park,Park 1,300025613.0,bike,5191.330212434144,20.76532084973658
32,39,1,15,1,random_activity,1,1.1810069901983788,3.2849140763976763,1,0.12411332401644842,85.8035217287947,3.6294855996832216,0,-2.57502983134168,46.886931,7.5020927,300025613,park,Park 1,300025613.0,walk,0.0,0.0
33,40,1,16,0,stay,1,1.6282628994563177,0.0,0,0.15965151083315973,75.63752298357235,4.16734077176911,0,-2.391215625787514,46.886931,7.5020927,300025613,,,,,0.0,0.0
34,41,1,17,1,random_activity,1,0.39376386980950784,0.0,0,0.0,77.44232236196781,3.3190144464310665,0,-3.294640758495796,46.886931,7.5020927,300025613,park,Park 1,300025613.0,drive,0.0,0.0
35,42,1,18,0,stay,1,-0.3018549895847562,0.0,0,0.0,87.1289642882445,2.780425755217162,0,-3.6598324677771683,46.886931,7.5020927,300025613,,,,,0.0,0.0
36,43,1,19,1,random_activity,1,-1.0366383785333904,0.0,0,0.0,74.6285912685123,1.2183950023335453,0,-1.0366383785333904,46.9270005,7.4989352,278860240,pool,Pool 1,278860240.0,bike,5191.330212434148,20.765320849736593
37,45,1,21,1,random_activity,2,-2.965311307729116,0.0,0,0.0,85.3581760772485,2.992961625197525,0,-7.055439666448431,46.886931,7.5020927,300025613,park,Park 1,300025613.0,walk,5191.330212434144,64.8916276554268
38,46,1,22,1,random_activity,1,-2.6309208746159185,0.0,0,0.0,87.99223899132305,2.1300444946687045,0,-5.6927638742416535,46.9357016,7.4692712,9455383235,gym,Gym 2,9455383235.0,bike,7714.350028063813,30.857400112255252
39,47,1,23,1,random_activity,1,-2.9592659530864256,0.0,0,0.0,89.45991680774777,1.9336255346348665,0,-5.810307627192562,46.886931,7.5020927,300025613,park,Park 1,300025613.0,bike,7714.35002806381,30.85740011225524
40,48,1,0,0,stay,1,-3.184878174934761,0.0,0,0.0,95.30785832525068,1.1096955792707273,0,-3.184878174934761,46.886931,7.5020927,300025613,,,,,0.0,0.0
41,49,1,1,1,random_activity,1,-4.077037355102331,0.0,0,0.0,94.28268223036908,2.11718146530239,0,-7.367755426059939,46.886931,7.5020927,300025613,park,Park 1,300025613.0,drive,0.0,0.0
42,50,1,2,0,stay,1,-4.41112272152808,0.0,0,0.0,91.94339868330181,0.662855767498312,0,-4.41112272152808,46.886931,7.5020927,300025613,,,,,0.0,0.0
43,51,1,3,0,stay,1,-3.827604677646349,0.0,0,0.0,92.67955284682932,1.0582959138809578,0,-3.827604677646349,46.886931,7.5020927,300025613,,,,,0.0,0.0
44,52,1,4,1,random_activity,1,-4.8683028556289285,0.0,0,0.0,92.8338320358434,1.6155118473704588,0,-7.514421312074067,46.886931,7.5020927,300025613,park,Park 1,300025613.0,walk,0.0,0.0
45,53,1,5,1,random_activity,1,-4.282274205488226,0.0,0,0.0,92.76768218584868,2.100544372629648,0,-7.5850386583189,46.9270005,7.4989352,278860240,pool,Pool 1,278860240.0,bike,5191.330212434148,20.765320849736593
46,54,1,6,0,stay,1,-4.628402649012275,0.0,0,0.0,83.0397262515205,1.4340266670070658,0,-6.90905703207345,46.9270005,7.4989352,278860240,,,,,0.0,0.0
47,55,1,7,0,stay,1,-1.4583970965664048,0.0,0,0.0,89.93371168821842,4.01731365364061,0,-6.087880391214069,46.9270005,7.4989352,278860240,,,,,0.0,0.0
48,56,1,8,1,random_activity,1,-0.9525186495742968,0.0,0,0.0,87.08347506426185,0.43362205948724863,0,-0.9525186495742968,46.9357016,7.4692712,9455383235,gym,Gym 2,9455383235.0,walk,2882.491094414183,36.031138680177285
49,57,1,9,1,random_activity,1,-0.22153227995772234,0.0,0,0.08384817937151415,83.71902885014144,1.1461199386166558,0,-0.22153227995772234,46.9270005,7.4989352,278860240,pool,Pool 1,278860240.0,drive,2820.4346149371745,5.640869229874349
50,58,1,10,0,stay,1,-0.3228098648130344,0.0,0,0.18360602392386616,79.87785552850609,1.3603581624714445,0,-1.8895789954099267,46.9270005,7.4989352,278860240,,,,,0.0,0.0
51,59,1,11,1,random_activity,1,-0.6921786263573031,0.0,0,0.24655953884031684,81.69434047251814,1.648963664682285,0,-2.776894326818097,46.9357016,7.4692712,9455383235,gym,Gym 2,9455383235.0,drive,2897.988691731666,5.795977383463333
52,60,1,12,0,stay,1,0.42850467492034827,0.0,0,0.22293030226979085,75.77990713404496,1.6807625853770978,0,-1.5355823770682737,46.9357016,7.4692712,9455383235,,,,,0.0,0.0
53,61,1,13,0,stay,1,1.8017418826368643,0.0,0,0.19848630175854098,76.40725197821718,1.6131590192704979,0,0.13648803106075352,46.9357016,7.4692712,9455383235,,,,,0.0,0.0
54,62,1,14,1,random_activity,1,2.5658235008061143,0.0,0,0.2161511301386229,72.25106217840177,0.9471649861277791,0,2.5658235008061143,46.886931,7.5020927,300025613,park,Park 1,300025613.0,drive,11402.086293684337,22.804172587368672
55,63,1,15,1,random_activity,1,2.5537689596431297,0.0,0,0.14960331798698467,65.92984069863668,1.1759023320505775,0,2.5537689596431297,46.9449518,7.4382919,3409298102,gym,Gym 1,3409298102.0,drive,8911.526126786184,17.823052253572367
56,64,1,16,0,stay,1,3.499279232436082,0.0,0,0.0825195854133679,63.51420077825877,0.9745386811919572,0,3.499279232436082,46.9449518,7.4382919,3409298102,,,,,0.0,0.0
57,66,1,18,1,random_activity,2,1.8262874830964808,0.0,0,0.0,73.89698804301109,2.545255031372264,0,-0.902432999891681,46.886931,7.5020927,300025613,park,Park 1,300025613.0,walk,8710.42687386864,108.880335923358
58,67,1,19,1,random_activity,1,1.493263670772499,0.0,0,0.0,78.59601054611929,1.4622019763112561,0,0.005438378992934645,46.886931,7.5020927,300025613,park,Park 1,300025613.0,walk,0.0,0.0
59,69,1,21,1,random_activity,2,-0.49143279269137374,0.0,0,0.0,85.62863490029777,1.1186196295151238,0,-0.49143279269137374,46.9270005,7.4989352,278860240,pool,Pool 1,278860240.0,walk,5191.330212434148,64.89162765542684
60,70,1,22,1,random_activity,1,-0.14139200518004663,0.0,0,0.0,85.62473859500551,0.0,0,-0.14139200518004663,46.9357016,7.4692712,9455383235,gym,Gym 2,9455383235.0,bike,2882.491094414183,11.529964377656732
61,71,1,23,1,random_activity,1,-1.6887859255981654,0.0,0,0.0,92.1393554359755,2.881819283401172,0,-5.416090124308835,46.9270005,7.4989352,278860240,pool,Pool 1,278860240.0,drive,2820.4346149371745,5.640869229874349
62,72,1,0,1,random_activity,1,-2.498954833553745,0.0,0,0.0,90.58010968521744,3.56879526060765,0,-7.0112906797995675,46.886931,7.5020927,300025613,park,Park 1,300025613.0,drive,9027.577634401636,18.055155268803272
63,73,1,1,0,stay,1,-2.4611930655269405,0.0,0,0.0,84.01776232396804,0.6149566867720786,0,-2.4611930655269405,46.886931,7.5020927,300025613,,,,,0.0,0.0
64,74,1,2,1,random_activity,1,-1.7061485423415135,0.0,0,0.0,89.75799163671562,2.414450101315869,0,-4.948280657622999,46.9357016,7.4692712,9455383235,gym,Gym 2,9455383235.0,bike,7714.350028063813,30.857400112255252
65,76,1,4,1,random_activity,2,-1.2903005151186606,0.0,0,0.0,95.99054545067538,1.1010894362941366,0,-1.2903005151186606,46.886931,7.5020927,300025613,park,Park 1,300025613.0,walk,7714.35002806381,96.42937535079763
66,77,1,5,1,random_activity,1,-2.252222264507564,0.0,0,0.0,88.86900530007135,1.3857715182202635,0,-4.121149136371349,46.886931,7.5020927,300025613,park,Park 1,300025613.0,drive,0.0,0.0
67,78,1,6,0,stay,1,-2.11037361644075,0.0,0,0.0,97.39200382970492,1.1687345595327323,0,-2.11037361644075,46.886931,7.5020927,300025613,,,,,0.0,0.0
68,80,1,8,1,random_activity,2,-0.2711870609638304,0.0,0,0.07205644477664669,85.45425079837341,1.6159597330090292,0,-2.2442181230245004,46.9270005,7.4989352,278860240,pool,Pool 1,278860240.0,walk,5191.330212434148,64.89162765542684
69,81,1,9,0,stay,1,1.1356829308454883,0.0,0,0.13590503567656698,88.47730782484085,1.5152566703133077,0,-0.4829818524631276,46.9270005,7.4989352,278860240,,,,,0.0,0.0
70,82,1,10,1,random_activity,1,1.5837840264883978,1.3133693286518087,1,0.11649626919207651,88.51424691223247,2.3846927747536983,0,-1.0313887783332119,46.9270005,7.4989352,278860240,pool,Pool 1,278860240.0,drive,0.0,0.0
71,83,1,11,1,random_activity,1,1.0615178048763454,0.29757286206193667,1,0.06615226768677693,88.78157193461591,1.9808600896713173,0,-1.1963782197476844,46.9270005,7.4989352,278860240,pool,Pool 1,278860240.0,walk,0.0,0.0
72,84,1,12,0,stay,1,2.0160935703207823,0.44333634740505423,1,0.12895675444779595,80.50964649342546,2.5671032009248504,0,-0.6978953282148797,46.9270005,7.4989352,278860240,,,,,0.0,0.0
73,85,1,13,1,random_activity,1,3.489285174867008,1.0759709141476201,1,0.10535796047255383,81.3632949107383,1.7611427743890338,0,1.8841384796437113,46.9357016,7.4692712,9455383235,gym,Gym 2,9455383235.0,drive,2897.988691731666,5.795977383463333
74,86,1,14,1,random_activity,1,4.819163126669674,0.0,0,0.24079191384174628,75.2331290712373,1.9912424324649827,0,3.1665846755093616,46.9270005,7.4989352,278860240,pool,Pool 1,278860240.0,walk,2882.4910944141825,36.03113868017728
75,87,1,15,1,random_activity,1,4.294564505908025,0.0,0,0.13701185350212705,69.12822327973879,1.1973542466424585,0,4.294564505908025,46.9270005,7.4989352,278860240,pool,Pool 1,278860240.0,walk,0.0,0.0
76,88,1,16,1,random_activity,1,4.734376392193231,0.0,0,0.058228091892002155,77.28739976408657,1.401899966801514,0,3.777744498700718,46.9357016,7.4692712,9455383235,gym,Gym 2,9455383235.0,walk,2882.491094414183,36.031138680177285
77,89,1,17,1,random_activity,1,2.955263101838543,0.0,0,0.0,76.16459715421615,1.0148567369547252,0,2.955263101838543,46.886931,7.5020927,300025613,park,Park 1,300025613.0,drive,11402.086293684337,22.804172587368672
78,91,1,19,1,random_activity,2,0.38930926797013443,0.0,0,0.0,81.11521993164469,1.8167449624407905,0,-1.7679018582373136,46.9357016,7.4692712,9455383235,gym,Gym 2,9455383235.0,walk,7714.350028063813,96.42937535079766
79,92,1,20,0,stay,1,-1.132275239893732,0.0,0,0.0,82.64848419736137,1.5771730241558328,0,-3.1707949441627687,46.9357016,7.4692712,9455383235,,,,,0.0,0.0
80,94,1,22,1,random_activity,2,-1.0205653683281457,0.0,0,0.0,86.76065921358273,0.10446528005225297,0,-1.0205653683281457,46.886931,7.5020927,300025613,park,Park 1,300025613.0,walk,7714.35002806381,96.42937535079763
81,95,1,23,1,random_activity,1,-0.4229871407288587,0.0,0,0.0,85.75653351256629,2.722173570286625,0,-3.7481180247147625,46.9449518,7.4382919,3409298102,gym,Gym 1,3409298102.0,drive,8911.526126786184,17.823052253572367
82,96,1,0,0,stay,1,-2.033896546039813,0.0,0,0.0,88.71341868794079,1.7025645265995584,0,-4.400596200758085,46.9449518,7.4382919,3409298102,,,,,0.0,0.0
83,97,1,1,1,random_activity,1,-4.219580343923557,0.0,0,0.0,97.8741628751507,2.298410784170258,0,-7.773113002817524,46.9449518,7.4382919,3409298102,gym,Gym 1,3409298102.0,walk,0.0,0.0
84,98,1,2,1,random_activity,1,-3.564800502134572,0.0,0,0.0,100.0,2.3076115836260325,0,-7.013870403607955,46.9270005,7.4989352,278860240,pool,Pool 1,278860240.0,drive,5839.322899973665,11.67864579994733
85,99,1,3,1,random_activity,1,-3.526555997382154,0.0,0,0.0,96.28319262886993,1.7951721228800825,0,-6.263764938201707,46.9270005,7.4989352,278860240,pool,Pool 1,278860240.0,bike,0.0,0.0
86,100,1,4,1,random_activity,1,-3.0071366497249183,0.0,0,0.0,98.36142167581893,1.115926512838346,0,-3.0071366497249183,46.9357016,7.4692712,9455383235,gym,Gym 2,9455383235.0,walk,2882.491094414183,36.031138680177285
87,101,1,5,1,random_activity,1,-3.1760147713535405,0.0,0,0.0,94.12049950905757,1.263201921481142,0,-3.1760147713535405,46.886931,7.5020927,300025613,park,Park 1,300025613.0,drive,11402.086293684337,22.804172587368672
88,103,1,7,1,random_activity,2,-1.1789400467614448,0.0,0,0.0,87.99966383889874,1.6439633498961066,0,-3.3281942877983184,46.9357016,7.4692712,9455383235,gym,Gym 2,9455383235.0,walk,7714.350028063813,96.42937535079766
89,104,1,8,0,stay,1,-1.8937874047063106,0.0,0,0.08082384454556155,93.10114151370496,0.9873827128547296,0,-1.8937874047063106,46.9357016,7.4692712,9455383235,,,,,0.0,0.0
90,105,1,9,0,stay,1,-1.623609187144949,0.0,0,0.19861012229900182,95.76125811170613,1.3853001847371955,0,-3.407562478173847,46.9357016,7.4692712,9455383235,,,,,0.0,0.0
91,106,1,10,1,random_activity,1,1.5480536123280673,0.0,0,0.3398921782982313,74.90099576837818,2.0829792544195556,0,-0.7489235141698872,46.9357016,7.4692712,9455383235,gym,Gym 2,9455383235.0,walk,0.0,0.0
92,107,1,11,0,stay,1,2.449316079810158,0.0,0,0.40815569971037274,73.83997872951724,1.508936069682447,0,1.025260170716646,46.9357016,7.4692712,9455383235,,,,,0.0,0.0
93,109,1,13,1,random_activity,2,3.101695229071039,0.0,0,0.43791730105580784,74.99237695586977,1.0536019442762197,0,3.101695229071039,46.886931,7.5020927,300025613,park,Park 1,300025613.0,walk,7714.35002806381,96.42937535079763
94,110,1,14,0,stay,1,1.0554375678179673,4.0058765497531414,1,0.06890305511255965,78.81167631378914,2.0706192809928754,0,-1.3100941654074323,46.886931,7.5020927,300025613,,,,,0.0,0.0
95,112,1,16,1,random_activity,2,2.0977141241824504,1.4587728524984471,1,0.06478792376297915,83.84318931191764,2.1611088395900873,0,-0.19262523391151298,46.9357016,7.4692712,9455383235,gym,Gym 2,9455383235.0,walk,7714.350028063813,96.42937535079766
96,113,1,17,1,random_activity,1,1.166469117354989,1.0869205724761506,1,0.0,90.38844071858622,2.95788393439253,0,-2.0631037198305533,46.9357016,7.4692712,9455383235,gym,Gym 2,9455383235.0,drive,0.0,0.0
97,114,1,18,1,random_activity,1,0.7470590560706222,3.1805435901880514,1,0.0,89.70986428423736,1.1011305007323244,0,0.7470590560706222,46.9270005,7.4989352,278860240,pool,Pool 1,278860240.0,drive,2820.4346149371745,5.640869229874349
98,116,1,20,1,random_activity,2,-1.57924215080026,1.2311438699880002,1,0.0,97.83037598235268,4.07501899398026,1,-6.278385987795354,46.886931,7.5020927,300025613,park,Park 1,300025613.0,walk,5191.330212434144,64.8916276554268
99,117,1,21,1,random_activity,1,-0.6965606632648305,0.20960267172825234,1,0.0,100.0,3.1265407486739876,1,-4.450011879987566,46.9357016,7.4692712,9455383235,gym,Gym 2,9455383235.0,bike,7714.350028063813,30.857400112255252
100,118,1,22,1,random_activity,1,-1.9066262374977887,1.3809200614552553,1,0.0,99.56334695431327,2.587795618305608,1,-5.376186041010452,46.886931,7.5020927,300025613,park,Park 1,300025613.0,bike,7714.35002806381,30.85740011225524
101,119,1,23,1,random_activity,1,-1.9589151127671047,0.3145276871306915,1,0.0,96.1253810512707,3.762443804239052,1,-6.508822909762161,46.9270005,7.4989352,278860240,pool,Pool 1,278860240.0,bike,5191.330212434148,20.765320849736593
102,120,1,0,1,random_activity,1,-2.4848160793699274,8.67596675838881,1,0.0,99.04875120639139,2.2947492572079042,1,-5.726823568491303,46.9357016,7.4692712,9455383235,gym,Gym 2,9455383235.0,drive,2897.988691731666,5.795977383463333
103,122,1,2,1,random_activity,2,-2.6747760773609706,1.1258098538086263,1,0.0,100.0,1.772240681437565,1,-5.245130241646853,46.886931,7.5020927,300025613,park,Park 1,300025613.0,walk,7714.35002806381,96.42937535079763
104,124,1,4,1,random_activity,2,-0.4881218249460657,2.1230334182534554,1,0.0,100.0,2.752769186411034,1,-3.8555764359479148,46.9270005,7.4989352,278860240,pool,Pool 1,278860240.0,walk,5191.330212434148,64.89162765542684
105,125,1,5,0,stay,1,0.5511987888485115,0.0,0,0.0,89.1134875294107,2.6194506425189727,1,-2.4881040396972214,46.9270005,7.4989352,278860240,,,,,0.0,0.0
106,126,1,6,1,random_activity,1,0.5570499680081542,0.0,0,0.0,88.27155744605813,2.178492725128248,1,-2.017486979079101,46.9270005,7.4989352,278860240,pool,Pool 1,278860240.0,bike,0.0,0.0
107,127,1,7,0,stay,1,0.8626699240427274,0.0,0,0.0,94.25344248361432,1.9088007630529829,1,-1.3386245558332395,46.9270005,7.4989352,278860240,,,,,0.0,0.0
108,128,1,8,1,random_activity,1,0.5374448958182567,0.0,0,0.0383696283299845,86.44316554189338,2.519816841169827,1,-2.4057045700841013,46.9357016,7.4692712,9455383235,gym,Gym 2,9455383235.0,walk,2882.491094414183,36.031138680177285
109,129,1,9,1,random_activity,1,-0.3577299119405135,0.0,0,0.25002178882902343,81.25335961242176,0.20017103762165278,1,-0.3577299119405135,46.9270005,7.4989352,278860240,pool,Pool 1,278860240.0,bike,2882.4910944141825,11.52996437765673
110,130,1,10,1,random_activity,1,0.6112029656442228,0.0,0,0.4350131966252573,81.019103649809,1.471931582551769,1,-1.0139687052263626,46.886931,7.5020927,300025613,park,Park 1,300025613.0,bike,5191.330212434144,20.76532084973658
111,132,1,12,1,random_activity,2,0.5568285897139604,0.0,0,0.4861191673527149,80.39501630336207,1.1805223002780356,1,0.5568285897139604,46.9357016,7.4692712,9455383235,gym,Gym 2,9455383235.0,walk,7714.350028063813,96.42937535079766
112,133,1,13,0,stay,1,1.3982103045396341,0.0,0,0.49968879246823134,79.30652644725185,2.567090509311945,1,-1.4312776857625487,46.9357016,7.4692712,9455383235,,,,,0.0,0.0
113,134,1,14,1,random_activity,1,2.008778463043912,0.0,0,0.37288543961531573,74.40898783879273,1.8672877283041327,1,0.0422519764625346,46.9270005,7.4989352,278860240,pool,Pool 1,278860240.0,drive,2820.4346149371745,5.640869229874349
114,135,1,15,0,stay,1,2.280205937667119,0.0,0,0.26978011649746314,75.94876547595533,2.2121427784720034,1,-0.03315588753071413,46.9270005,7.4989352,278860240,,,,,0.0,0.0
115,136,1,16,1,random_activity,1,2.939373786405224,0.0,0,0.1690445835854801,73.71266914794516,1.4027532522038184,1,1.7395225042200952,46.9270005,7.4989352,278860240,pool,Pool 1,278860240.0,drive,0.0,0.0
116,137,1,17,1,random_activity,1,2.3274493081058396,0.0,0,0.0,72.07963514753948,1.238914062225967,1,2.3274493081058396,46.9270005,7.4989352,278860240,pool,Pool 1,278860240.0,bike,0.0,0.0
117,138,1,18,1,random_activity,1,1.2414877018243056,0.0,0,0.0,75.7996728180468,0.5466921516692476,1,1.2414877018243056,46.9357016,7.4692712,9455383235,gym,Gym 2,9455383235.0,walk,2882.491094414183,36.031138680177285
118,139,1,19,0,stay,1,1.4745963237478144,0.0,0,0.0,89.41435874589865,1.5087770095533155,1,-0.08651987671882663,46.9357016,7.4692712,9455383235,,,,,0.0,0.0
119,140,1,20,0,stay,1,1.5861101859383004,0.0,0,0.0,79.34004979474436,2.0014019215065013,1,-0.6100493932729536,46.9357016,7.4692712,9455383235,,,,,0.0,0.0
120,141,1,21,1,random_activity,1,1.1790029881048967,0.0,0,0.0,90.4477486955226,2.115252630002362,1,-1.217147714355801,46.886931,7.5020927,300025613,park,Park 1,300025613.0,drive,11402.086293684337,22.804172587368672
121,142,1,22,1,random_activity,1,0.003652117953056866,0.0,0,0.0,84.75243378173352,0.4625905910938173,1,0.003652117953056866,46.886931,7.5020927,300025613,park,Park 1,300025613.0,bike,0.0,0.0
122,143,1,23,0,stay,1,0.4586262629558109,0.0,0,0.0,91.3903263078119,3.594323905175174,1,-3.4294770215124024,46.886931,7.5020927,300025613,,,,,0.0,0.0
123,144,1,0,1,random_activity,1,-1.0239812873286165,0.0,0,0.0,98.00710553239274,3.17657306053499,1,-4.888664389532489,46.886931,7.5020927,300025613,park,Park 1,300025613.0,drive,0.0,0.0
124,145,1,1,1,random_activity,1,-0.6658196876687554,0.0,0,0.0,96.83950923676709,1.2443722987229706,1,-0.6658196876687554,46.886931,7.5020927,300025613,park,Park 1,300025613.0,bike,0.0,0.0
125,146,1,2,0,stay,1,-2.7848032252220283,0.0,0,0.0,100.0,3.1660193581735214,1,-7.003387519773191,46.886931,7.5020927,300025613,,,,,0.0,0.0
126,147,1,3,0,stay,1,-2.1116319280646914,0.0,0,0.0,90.51990387795865,3.1330259370511335,1,-6.16122672683692,46.886931,7.5020927,300025613,,,,,0.0,0.0
127,148,1,4,1,random_activity,1,-2.322133964223984,0.0,0,0.0,91.9594413576558,2.619077830043938,1,-5.903452677116417,46.9270005,7.4989352,278860240,pool,Pool 1,278860240.0,drive,9427.604015681143,18.855208031362288
128,149,1,5,0,stay,1,-1.7321836113201594,0.0,0,0.0,95.77659717952754,1.8984113263523006,1,-4.336324982574611,46.9270005,7.4989352,278860240,,,,,0.0,0.0
129,150,1,6,0,stay,1,-1.3974179178986879,0.0,0,0.0,90.38828314852739,1.6979658815096286,1,-3.6611254475424024,46.9270005,7.4989352,278860240,,,,,0.0,0.0
130,151,1,7,0,stay,1,-1.129100978514204,0.0,0,0.0,94.69021920170817,2.0579982102423418,1,-3.8453448455517267,46.9270005,7.4989352,278860240,,,,,0.0,0.0
131,152,1,8,1,random_activity,1,-0.4623555933406266,0.0,0,0.04391510550645037,85.27628499160946,2.2548946930428375,1,-3.3012993867642155,46.9357016,7.4692712,9455383235,gym,Gym 2,9455383235.0,bike,2882.491094414183,11.529964377656732
132,153,1,9,0,stay,1,0.3334755855270345,0.0,0,0.22610567191020928,79.06997786014792,2.5442910099584597,1,-2.672197527927786,46.9357016,7.4692712,9455383235,,,,,0.0,0.0
133,154,1,10,1,random_activity,1,1.7887430690072934,0.0,0,0.297047066065955,84.04713760003334,3.5263882680133385,1,-1.7601663667684895,46.886931,7.5020927,300025613,park,Park 1,300025613.0,drive,11402.086293684337,22.804172587368672
134,155,1,11,1,random_activity,1,2.010036824926991,0.0,0,0.3354655875254274,81.80368075656583,2.512826232535449,1,-0.6536075118252782,46.9270005,7.4989352,278860240,pool,Pool 1,278860240.0,bike,5191.330212434148,20.765320849736593
135,157,1,13,1,random_activity,2,1.7140465285458848,0.0,0,0.3779607999333261,75.66103376922042,0.7938609554632499,1,1.7140465285458848,46.886931,7.5020927,300025613,park,Park 1,300025613.0,walk,5191.330212434144,64.8916276554268
136,158,1,14,1,random_activity,1,1.7849659911495241,0.0,0,0.32900847048146104,81.7371199500158,2.0953800858523657,1,-0.4861015647617093,46.9357016,7.4692712,9455383235,gym,Gym 2,9455383235.0,bike,7714.350028063813,30.857400112255252
137,159,1,15,1,random_activity,1,3.464677377929028,0.0,0,0.2905471626457942,77.68474625952295,1.6366414296956018,1,2.0122994533968037,46.9270005,7.4989352,278860240,pool,Pool 1,278860240.0,bike,2882.4910944141825,11.52996437765673
138,160,1,16,1,random_activity,1,3.6045912771449924,0.0,0,0.057236477501907704,70.76262662904215,1.0615130580337344,1,3.6045912771449924,46.9357016,7.4692712,9455383235,gym,Gym 2,9455383235.0,walk,2882.491094414183,36.031138680177285
139,161,1,17,1,random_activity,1,3.8408452347954762,0.0,0,0.0,71.10128955085034,3.3041838715032865,0,0.8891278523537436,46.9357016,7.4692712,9455383235,gym,Gym 2,9455383235.0,bike,0.0,0.0
140,162,1,18,1,random_activity,1,3.835647637989646,0.0,0,0.0,75.93145369191824,2.037270176833092,0,1.9719426756145313,46.9357016,7.4692712,9455383235,gym,Gym 2,9455383235.0,bike,0.0,0.0
141,163,1,19,1,random_activity,1,2.952780424313338,0.0,0,0.0,79.65904243855236,2.8202704285903026,0,0.19331859826676143,46.9357016,7.4692712,9455383235,gym,Gym 2,9455383235.0,drive,0.0,0.0
142,164,1,20,1,random_activity,1,1.9411099915855246,0.0,0,0.0,82.13977175198791,1.495142859457875,0,0.46585828992678874,46.9357016,7.4692712,9455383235,gym,Gym 2,9455383235.0,walk,0.0,0.0
143,165,1,21,1,random_activity,1,2.0765196434192355,0.0,0,0.0,85.70862965039723,2.3847196366525663,0,-0.4498310985514584,46.886931,7.5020927,300025613,park,Park 1,300025613.0,bike,7714.35002806381,30.85740011225524
144,167,1,23,1,random_activity,2,0.5736762298029161,0.0,0,0.0,88.52087473137641,2.8170078226778745,0,-2.6479612222169675,46.9270005,7.4989352,278860240,pool,Pool 1,278860240.0,walk,5191.330212434148,64.89162765542684
145,168,1,0,1,random_activity,1,1.554391652692366,0.0,0,0.0,84.41704751970707,0.8369959166751411,0,1.554391652692366,46.886931,7.5020927,300025613,park,Park 1,300025613.0,bike,5191.330212434144,20.76532084973658
146,170,1,2,1,random_activity,2,-1.8058651934889989,0.0,0,0.0,91.578582445995,1.0930935275451028,0,-1.8058651934889989,46.9270005,7.4989352,278860240,pool,Pool 1,278860240.0,walk,5191.330212434148,64.89162765542684
147,172,1,4,1,random_activity,2,-2.1365077888781427,0.0,0,0.0,90.71155003663505,2.211693644241247,0,-5.216244568036525,46.886931,7.5020927,300025613,park,Park 1,300025613.0,walk,5191.330212434144,64.8916276554268
148,173,1,5,1,random_activity,1,-1.1979879082800102,0.0,0,0.0,94.54586159040637,1.0724578753627698,0,-1.1979879082800102,46.886931,7.5020927,300025613,park,Park 1,300025613.0,walk,0.0,0.0
149,174,1,6,1,random_activity,1,-2.2485829470845986,0.0,0,0.0,90.42217814978906,2.091106776519444,0,-5.195276380927716,46.886931,7.5020927,300025613,park,Park 1,300025613.0,drive,0.0,0.0
150,175,1,7,0,stay,1,-1.9233926265047339,0.0,0,0.0,88.48216422285776,1.3264676458851192,0,-1.9233926265047339,46.886931,7.5020927,300025613,,,,,0.0,0.0
151,176,1,8,0,stay,1,-1.4987833561658612,0.0,0,0.05643582958174513,90.99422898304437,2.1793353292314133,0,-4.428547692935987,46.886931,7.5020927,300025613,,,,,0.0,0.0
152,177,1,9,0,stay,1,-0.8202828367719901,0.0,0,0.12608276479121328,81.60500453057755,2.4836326633304697,0,-3.9765293854104917,46.886931,7.5020927,300025613,,,,,0.0,0.0
153,179,1,11,1,random_activity,2,0.015638254284032538,0.0,0,0.3562090914667603,75.16485700222577,3.042360260532126,0,-3.5188720230623045,46.9357016,7.4692712,9455383235,gym,Gym 2,9455383235.0,walk,7714.350028063813,96.42937535079766
154,180,1,12,0,stay,1,1.6290707666936013,0.0,0,0.40752508226883094,75.92601192075678,3.1167657421313777,0,-1.6395617385301087,46.9357016,7.4692712,9455383235,,,,,0.0,0.0
155,181,1,13,1,random_activity,1,2.537000433652814,0.0,0,0.3550156376314527,71.81175878941517,0.956623048426023,0,2.537000433652814,46.9270005,7.4989352,278860240,pool,Pool 1,278860240.0,drive,2820.4346149371745,5.640869229874349
156,182,1,14,1,random_activity,1,3.7677234122726952,0.0,0,0.29859849713906583,69.87790766731145,1.3205519369247398,0,3.7677234122726952,46.886931,7.5020927,300025613,park,Park 1,300025613.0,bike,5191.330212434144,20.76532084973658
157,183,1,15,0,stay,1,2.9248849495352314,0.0,0,0.17937763689636602,80.58767740722818,0.8422056718998844,0,2.9248849495352314,46.886931,7.5020927,300025613,,,,,0.0,0.0
158,184,1,16,1,random_activity,1,2.7233256673109763,0.0,0,0.06427880446606558,76.52823204208794,6.1604109834334055,0,-2.0651035572542535,46.9270005,7.4989352,278860240,pool,Pool 1,278860240.0,drive,9427.604015681143,18.855208031362288
159,185,1,17,1,random_activity,1,2.310716400221887,0.0,0,0.0,71.78144495442213,4.712872484791356,0,-1.8703682715938088,46.9270005,7.4989352,278860240,pool,Pool 1,278860240.0,drive,0.0,0.0
160,186,1,18,1,random_activity,1,2.346516950686298,0.0,0,0.0,75.45160927995003,2.144931790237462,0,0.11627285148478389,46.9270005,7.4989352,278860240,pool,Pool 1,278860240.0,drive,0.0,0.0
161,187,1,19,0,stay,1,1.8823234130392608,0.0,0,0.0,73.04192046930193,1.128313227345251,0,1.8823234130392608,46.9270005,7.4989352,278860240,,,,,0.0,0.0
162,188,1,20,1,random_activity,1,1.9047433169403527,0.0,0,0.0,83.8186933209988,1.8105950507201432,0,-0.0075059570954710214,46.886931,7.5020927,300025613,park,Park 1,300025613.0,drive,9027.577634401636,18.055155268803272
163,189,1,21,1,random_activity,1,1.3372189271956545,0.0,0,0.0,84.45676739925828,3.4185294779271445,0,-2.2287559870040754,46.9449518,7.4382919,3409298102,gym,Gym 1,3409298102.0,drive,8911.526126786184,17.823052253572367
164,190,1,22,1,random_activity,1,-0.9882173329266171,0.0,0,0.0,90.59962973874838,1.6108751281613636,0,-3.0585009733933846,46.9449518,7.4382919,3409298102,gym,Gym 1,3409298102.0,drive,0.0,0.0
165,191,1,23,0,stay,1,-1.7570035288045336,0.0,0,0.0,92.26649091162571,2.1104569620226927,0,-4.645334935444506,46.9449518,7.4382919,3409298102,,,,,0.0,0.0
166,192,1,0,1,random_activity,1,-1.821650816523635,0.0,0,0.0,85.32991455930232,1.0373904650874168,0,-1.821650816523635,46.886931,7.5020927,300025613,park,Park 1,300025613.0,bike,8710.42687386864,34.84170749547456
167,193,1,1,1,random_activity,1,-1.696170410262265,0.0,0,0.0,89.39026562100632,2.1818005379878223,0,-4.6629761586453355,46.9270005,7.4989352,278860240,pool,Pool 1,278860240.0,bike,5191.330212434148,20.765320849736593
168,194,1,2,1,random_activity,1,-0.7781830726442562,0.0,0,0.0,86.9711487642056,2.4699256249321957,0,-3.9120191681329906,46.9357016,7.4692712,9455383235,gym,Gym 2,9455383235.0,walk,2882.491094414183,36.031138680177285
169,195,1,3,1,random_activity,1,-1.8114167789792597,0.0,0,0.0,98.00135479073138,1.8082817177190305,0,-4.300896126011457,46.9270005,7.4989352,278860240,pool,Pool 1,278860240.0,bike,2882.4910944141825,11.52996437765673
170,196,1,4,0,stay,1,-1.4243740899131594,0.0,0,0.0,91.60370591765945,2.414308500441238,0,-4.615226414514524,46.9270005,7.4989352,278860240,,,,,0.0,0.0
171,197,1,5,0,stay,1,-1.0149985743275267,0.0,0,0.0,92.00443704719018,0.9011281070630874,0,-1.0149985743275267,46.9270005,7.4989352,278860240,,,,,0.0,0.0
172,198,1,6,0,stay,1,-0.4627478478465237,0.0,0,0.0,95.17868663495778,1.5052292527095184,0,-2.2910404476732853,46.9270005,7.4989352,278860240,,,,,0.0,0.0
173,199,1,7,1,random_activity,1,-1.244493319666717,0.0,0,0.0,92.0355461576254,1.8208589744143684,0,-3.6632183139167216,46.886931,7.5020927,300025613,park,Park 1,300025613.0,drive,9027.577634401636,18.055155268803272
174,200,1,8,1,random_activity,1,-1.5340001474233762,0.0,0,0.06036392937558032,83.25058725891105,1.1716619331609972,0,-1.5340001474233762,46.9357016,7.4692712,9455383235,gym,Gym 2,9455383235.0,bike,7714.350028063813,30.857400112255252
175,201,1,9,1,random_activity,1,-1.4281988443331413,0.0,0,0.2995744024794095,85.41042937727431,2.8857488977237713,0,-5.107817008249081,46.886931,7.5020927,300025613,park,Park 1,300025613.0,bike,7714.35002806381,30.85740011225524
176,203,1,11,1,random_activity,2,-0.46825394924425234,0.0,0,0.5828720996680955,79.40727611471951,3.081605781057239,0,-4.135532323243806,46.9270005,7.4989352,278860240,pool,Pool 1,278860240.0,walk,5191.330212434148,64.89162765542684
177,204,1,12,1,random_activity,1,-1.5493049067966373,0.0,0,0.7016829446129089,78.79046831068959,2.989489055357948,0,-5.351555537029433,46.9270005,7.4989352,278860240,pool,Pool 1,278860240.0,bike,0.0,0.0
178,205,1,13,1,random_activity,1,-0.11236131109138636,0.0,0,0.647072654467758,75.52995236564541,1.2618419257933429,0,-0.11236131109138636,46.9270005,7.4989352,278860240,pool,Pool 1,278860240.0,drive,0.0,0.0
179,206,1,14,0,stay,1,1.6919618593898482,0.0,0,0.4997648359305075,80.35575638805999,2.576950080057018,0,-1.0919733617983556,46.9270005,7.4989352,278860240,,,,,0.0,0.0
180,207,1,15,0,stay,1,1.6871096214903796,0.0,0,0.39012868064449124,78.47859977359089,0.6553503123618583,0,1.6871096214903796,46.9270005,7.4989352,278860240,,,,,0.0,0.0
181,208,1,16,1,random_activity,1,1.9047671646717337,0.0,0,0.18697392677065303,71.1013275383841,2.2150349596015153,0,-0.4768776261120422,46.886931,7.5020927,300025613,park,Park 1,300025613.0,drive,9027.577634401636,18.055155268803272
182,209,1,17,1,random_activity,1,2.738220030475186,0.0,0,0.0,74.4587102306366,1.6240272936416664,0,1.1954647553972029,46.886931,7.5020927,300025613,park,Park 1,300025613.0,drive,0.0,0.0
183,210,1,18,1,random_activity,1,1.1232577853843249,0.0,0,0.0,74.40652821922832,2.8626482224078984,0,-2.0317062464400295,46.9449518,7.4382919,3409298102,gym,Gym 1,3409298102.0,drive,8911.526126786184,17.823052253572367
184,211,1,19,0,stay,1,2.348022678099531,0.0,0,0.0,76.41764063353364,2.817846188460603,0,-0.5276019884439146,46.9449518,7.4382919,3409298102,,,,,0.0,0.0
185,212,1,20,1,random_activity,1,1.7029844679299406,0.0,0,0.0,83.28747473016163,1.5792649566397232,0,0.0713028163268624,46.9270005,7.4989352,278860240,pool,Pool 1,278860240.0,drive,5839.322899973665,11.67864579994733
186,213,1,21,0,stay,1,-0.406580240805712,0.0,0,0.0,78.36849076198418,1.6245696404017962,0,-2.412449293958405,46.9270005,7.4989352,278860240,,,,,0.0,0.0
187,214,1,22,0,stay,1,-2.017784509040249,0.0,0,0.0,95.62604592789666,0.8924810279247112,0,-2.017784509040249,46.9270005,7.4989352,278860240,,,,,0.0,0.0
188,215,1,23,1,random_activity,1,-2.2075347876088647,0.0,0,0.0,92.22615069732338,1.4779478658917715,0,-4.234380167671736,46.9270005,7.4989352,278860240,pool,Pool 1,278860240.0,walk,0.0,0.0
189,216,1,0,1,random_activity,1,-1.9100919530682403,0.0,0,0.0,93.27747292782124,0.6165140550262636,0,-1.9100919530682403,46.9357016,7.4692712,9455383235,gym,Gym 2,9455383235.0,walk,2882.491094414183,36.031138680177285
190,217,1,1,1,random_activity,1,-0.5261918543367863,0.0,0,0.0,93.70696707226702,2.379821739130539,0,-3.516491479855603,46.886931,7.5020927,300025613,park,Park 1,300025613.0,bike,7714.35002806381,30.85740011225524
191,218,1,2,1,random_activity,1,-0.7061510358605938,0.0,0,0.0,88.17790023834915,1.0750942125523621,0,-0.7061510358605938,46.886931,7.5020927,300025613,park,Park 1,300025613.0,walk,0.0,0.0
192,219,1,3,1,random_activity,1,-1.0267522198865162,0.0,0,0.0,92.51247678598311,1.3413905134848967,0,-2.652610544017434,46.9270005,7.4989352,278860240,pool,Pool 1,278860240.0,drive,9427.604015681143,18.855208031362288
193,220,1,4,1,random_activity,1,-2.2601761608084234,0.0,0,0.0,93.0894750830402,1.3572234973983615,0,-4.077458930696708,46.9270005,7.4989352,278860240,pool,Pool 1,278860240.0,walk,0.0,0.0
194,222,1,6,1,random_activity,2,-1.4608767099617057,0.0,0,0.0,96.24075014183198,2.8069063292973464,0,-5.070154447195314,46.886931,7.5020927,300025613,park,Park 1,300025613.0,walk,5191.330212434144,64.8916276554268
195,224,1,8,1,random_activity,2,0.5960218769497794,0.0,0,0.03330995181654786,87.80401984130545,1.0644367705660065,0,0.5960218769497794,46.9357016,7.4692712,9455383235,gym,Gym 2,9455383235.0,walk,7714.350028063813,96.42937535079766
196,225,1,9,0,stay,1,1.4146257723004452,0.0,0,0.11909446310341305,80.51907818705136,1.3131072343903982,0,1.4146257723004452,46.9357016,7.4692712,9455383235,,,,,0.0,0.0
197,226,1,10,0,stay,1,1.496711257773131,0.0,0,0.40521186919198726,74.84712308251449,2.151930908860219,0,-0.8865714964787585,46.9357016,7.4692712,9455383235,,,,,0.0,0.0
198,227,1,11,1,random_activity,1,1.0266376162163007,0.0,0,0.3837023307934816,78.60617263342706,1.7964620154170121,0,-1.0042663553711684,46.886931,7.5020927,300025613,park,Park 1,300025613.0,drive,11402.086293684337,22.804172587368672
199,228,1,12,0,stay,1,2.043946793889934,0.0,0,0.3992637618302592,81.20295931610235,0.6046741904592443,0,2.043946793889934,46.886931,7.5020927,300025613,,,,,0.0,0.0
200,230,1,14,1,random_activity,2,1.9008976994117488,0.0,0,0.3100307004504886,74.78103115340457,2.8395030160788703,0,-1.08095363902632,46.9357016,7.4692712,9455383235,gym,Gym 2,9455383235.0,walk,7714.350028063813,96.42937535079766
201,231,1,15,1,random_activity,1,1.3762453314681178,0.0,0,0.22010273429765637,74.49388865729426,1.385349560898887,0,-0.00639488410941327,46.9357016,7.4692712,9455383235,gym,Gym 2,9455383235.0,bike,0.0,0.0
202,232,1,16,1,random_activity,1,1.3996228062232094,0.0,0,0.11105176296800667,72.87067458115287,0.9601480407988985,0,1.3996228062232094,46.886931,7.5020927,300025613,park,Park 1,300025613.0,drive,11402.086293684337,22.804172587368672
203,233,1,17,1,random_activity,1,0.8085143884958812,0.0,0,0.0,75.4514170488113,3.0840583497149723,0,-2.600729875998188,46.886931,7.5020927,300025613,park,Park 1,300025613.0,walk,0.0,0.0
204,234,1,18,1,random_activity,1,0.8220622457335043,0.0,0,0.0,75.27462425900023,2.7757370571269915,0,-2.313325596125342,46.9357016,7.4692712,9455383235,gym,Gym 2,9455383235.0,bike,7714.350028063813,30.857400112255252
205,235,1,19,1,random_activity,1,-0.595744919402053,0.0,0,0.0,82.2740291038287,2.646879514606603,0,-3.8792666075739373,46.9357016,7.4692712,9455383235,gym,Gym 2,9455383235.0,walk,0.0,0.0
206,236,1,20,1,random_activity,1,1.0321191444020816,0.0,0,0.0,80.45287996372365,1.164963605282712,0,1.0321191444020816,46.9357016,7.4692712,9455383235,gym,Gym 2,9455383235.0,walk,0.0,0.0
207,237,1,21,1,random_activity,1,0.75746009332636,0.0,0,0.0,81.2589954883323,0.9305324378817176,0,0.75746009332636,46.9357016,7.4692712,9455383235,gym,Gym 2,9455383235.0,bike,0.0,0.0
208,238,1,22,0,stay,1,0.3656317850922198,0.0,0,0.0,89.91503366039423,0.9484194361425324,0,0.3656317850922198,46.9357016,7.4692712,9455383235,,,,,0.0,0.0
209,239,1,23,1,random_activity,1,-0.6682100619296121,0.0,0,0.0,88.81527884259958,0.5688649406252286,0,-0.6682100619296121,46.9357016,7.4692712,9455383235,gym,Gym 2,9455383235.0,walk,0.0,0.0
210,240,1,0,1,random_activity,1,-1.345952285475384,0.0,0,0.0,82.77249630599584,1.633496226922465,0,-3.503780132590576,46.9357016,7.4692712,9455383235,gym,Gym 2,9455383235.0,walk,0.0,0.0
211,242,1,2,1,random_activity,2,-2.167479366077041,0.0,0,0.0,100.0,2.2533372065925006,0,-5.303503698877634,46.886931,7.5020927,300025613,park,Park 1,300025613.0,walk,7714.35002806381,96.42937535079763
212,243,1,3,0,stay,1,-2.120862069481706,0.0,0,0.0,98.32029179685763,1.8728768516714667,0,-4.751387605503723,46.886931,7.5020927,300025613,,,,,0.0,0.0
213,244,1,4,1,random_activity,1,-3.4649791811064086,0.0,0,0.0,96.43506013763981,2.5489335377462186,0,-7.182991041853733,46.9270005,7.4989352,278860240,pool,Pool 1,278860240.0,bike,5191.330212434148,20.765320849736593
214,245,1,5,0,stay,1,-3.164802947323036,0.0,0,0.0,96.52373797207017,0.9472273991194996,0,-3.164802947323036,46.9270005,7.4989352,278860240,,,,,0.0,0.0
215,246,1,6,1,random_activity,1,-4.09139479336683,0.0,0,0.0,96.5720454738483,1.4886665283615272,0,-6.399982261616142,46.886931,7.5020927,300025613,park,Park 1,300025613.0,bike,5191.330212434144,20.76532084973658
216,248,1,8,1,random_activity,2,-2.739983716707627,0.0,0,0.07704423039160552,86.16109440947314,1.3082423930516878,0,-2.739983716707627,46.9270005,7.4989352,278860240,pool,Pool 1,278860240.0,walk,5191.330212434148,64.89162765542684
217,249,1,9,1,random_activity,1,-3.218893647509594,0.0,0,0.08351890707137187,87.70981952391418,2.0449543782490416,0,-6.26705230249925,46.9270005,7.4989352,278860240,pool,Pool 1,278860240.0,bike,0.0,0.0
218,250,1,10,1,random_activity,1,-2.606870371809122,0.0,0,0.14359786521525333,78.53047947847256,1.9723262796699836,0,-5.454559191202147,46.9357016,7.4692712,9455383235,gym,Gym 2,9455383235.0,bike,2882.491094414183,11.529964377656732
219,251,1,11,0,stay,1,-1.6419001305909995,0.0,0,0.23312598366156426,75.46851195457037,4.020160894373624,0,-6.315484584978173,46.9357016,7.4692712,9455383235,,,,,0.0,0.0
220,252,1,12,1,random_activity,1,-0.3709041387556786,0.0,0,0.16695142458772802,80.75311007359076,2.298103580721715,0,-3.2427520171310062,46.886931,7.5020927,300025613,park,Park 1,300025613.0,drive,11402.086293684337,22.804172587368672
221,253,1,13,0,stay,1,-0.7866472991026598,0.0,0,0.10109603519941321,85.46175236813878,2.4234983613815855,0,-3.8718344982375976,46.886931,7.5020927,300025613,,,,,0.0,0.0
222,254,1,14,1,random_activity,1,-0.15790003678119335,0.0,0,0.054647606175071334,75.17739988647945,1.7166657193254327,0,-2.2615090176859276,46.886931,7.5020927,300025613,park,Park 1,300025613.0,bike,0.0,0.0
223,255,1,15,1,random_activity,1,-0.07318133525781212,0.3250707003348401,1,0.03822848957681038,86.99423472682308,0.634500458653,0,-0.07318133525781212,46.9357016,7.4692712,9455383235,gym,Gym 2,9455383235.0,bike,7714.350028063813,30.857400112255252
224,256,1,16,1,random_activity,1,0.9130998631978446,2.568461816327659,1,0.0,79.0474148810943,0.8186110745508702,0,0.9130998631978446,46.9270005,7.4989352,278860240,pool,Pool 1,278860240.0,bike,2882.4910944141825,11.52996437765673
225,257,1,17,0,stay,1,1.1234224122467487,0.6583033957330274,1,0.0,84.726695283105,2.7277901732623913,0,-1.9095558124870178,46.9270005,7.4989352,278860240,,,,,0.0,0.0
226,258,1,18,1,random_activity,1,-0.4316465547512336,1.3717151316111875,1,0.0,95.12126367984526,1.3183424652146205,0,-0.4316465547512336,46.886931,7.5020927,300025613,park,Park 1,300025613.0,drive,9027.577634401636,18.055155268803272
227,259,1,19,0,stay,1,-1.1934357553423032,0.17473899029358553,1,0.0,96.00840941553926,2.124229196425923,0,-4.003288795819204,46.886931,7.5020927,300025613,,,,,0.0,0.0
228,260,1,20,1,random_activity,1,-1.6999133445991033,1.1874966779481495,1,0.0,96.21976841350663,2.72136625182002,1,-5.269746297396818,46.886931,7.5020927,300025613,park,Park 1,300025613.0,walk,0.0,0.0
229,261,1,21,1,random_activity,1,-2.1070884827588747,3.0130075645156222,1,0.0,89.96898393866184,2.395821629348995,1,-5.400611763067982,46.886931,7.5020927,300025613,park,Park 1,300025613.0,walk,0.0,0.0
230,262,1,22,1,random_activity,1,-2.7484991326034383,0.5768115621888464,1,0.0,97.98929859741433,2.7884694892416264,1,-6.589973560910405,46.9270005,7.4989352,278860240,pool,Pool 1,278860240.0,drive,9427.604015681143,18.855208031362288
231,263,1,23,1,random_activity,1,-2.468957702663275,2.1488458649750957,1,0.0,100.0,0.9009960944413667,1,-2.468957702663275,46.9270005,7.4989352,278860240,pool,Pool 1,278860240.0,bike,0.0,0.0
232,265,1,1,1,random_activity,2,-4.17584526467296,1.4777651193314205,1,0.0,100.0,1.5059775928057806,1,-6.527761038962479,46.886931,7.5020927,300025613,park,Park 1,300025613.0,walk,5191.330212434144,64.8916276554268
233,266,1,2,1,random_activity,1,-3.6684212036662935,0.39302662253328,1,0.0,97.0187976052079,1.1775243567195726,1,-3.6684212036662935,46.9270005,7.4989352,278860240,pool,Pool 1,278860240.0,drive,9427.604015681143,18.855208031362288
234,267,1,3,0,stay,1,-5.266355367989547,0.5653776794500673,1,0.0,100.0,0.9014899338197252,1,-5.266355367989547,46.9270005,7.4989352,278860240,,,,,0.0,0.0
235,268,1,4,1,random_activity,1,-5.102232768740175,2.730373299506451,1,0.0,100.0,2.220732099832457,1,-8.709066650042145,46.9357016,7.4692712,9455383235,gym,Gym 2,9455383235.0,walk,2882.491094414183,36.031138680177285
236,269,1,5,0,stay,1,-4.2886265868183076,1.8584781659981955,1,0.0,100.0,1.7285516229371036,1,-7.0381290390820554,46.9357016,7.4692712,9455383235,,,,,0.0,0.0
237,270,1,6,0,stay,1,-2.8007988894656632,0.5723696974431206,1,0.0,100.0,2.783536889468041,1,-6.647335386904728,46.9357016,7.4692712,9455383235,,,,,0.0,0.0
238,271,1,7,1,random_activity,1,-1.6113484031044445,2.1794271387162145,1,0.0,97.92185451984824,1.571614740422603,1,-3.7101697084732126,46.886931,7.5020927,300025613,park,Park 1,300025613.0,drive,11402.086293684337,22.804172587368672
239,273,1,9,1,random_activity,2,-0.4822244992887432,0.0,0,0.05181123369033197,79.38668780751142,2.047189183816842,1,-3.0768414942969833,46.9270005,7.4989352,278860240,pool,Pool 1,278860240.0,walk,5191.330212434148,64.89162765542684
240,274,1,10,0,stay,1,0.4469963992163606,0.0,0,0.10220087234281974,91.65971350243808,2.1220230383338974,1,-2.0812914792997024,46.9270005,7.4989352,278860240,,,,,0.0,0.0
241,275,1,11,0,stay,1,1.3722880082411986,0.0,0,0.10697347981809961,78.55338441698842,0.6364013358787279,1,1.3722880082411986,46.9270005,7.4989352,278860240,,,,,0.0,0.0
242,276,1,12,0,stay,1,3.5144694754802046,0.0,0,0.25879685089670923,78.93047628251637,1.7031815582781737,1,1.9847424876389437,46.9270005,7.4989352,278860240,,,,,0.0,0.0
243,277,1,13,1,random_activity,1,4.725775141968812,0.0,0,0.2444532398369012,75.1329996787638,0.37125123222405887,1,4.725775141968812,46.9357016,7.4692712,9455383235,gym,Gym 2,9455383235.0,walk,2882.491094414183,36.031138680177285
244,278,1,14,1,random_activity,1,4.031033365808545,0.0,0,0.0955274636353838,75.75689879373279,2.9323458734190173,1,1.3938911025049332,46.886931,7.5020927,300025613,park,Park 1,300025613.0,bike,7714.35002806381,30.85740011225524
245,279,1,15,1,random_activity,1,3.4488444457233913,0.0,0,0.09626988214987106,76.62634078277179,4.905825377909294,1,-0.5550485466143564,46.886931,7.5020927,300025613,park,Park 1,300025613.0,walk,0.0,0.0
246,281,1,17,1,random_activity,2,3.2601943692305513,0.0,0,0.0,81.1525395316728,2.459100989041358,0,0.8772999667318536,46.9357016,7.4692712,9455383235,gym,Gym 2,9455383235.0,walk,7714.350028063813,96.42937535079766
247,282,1,18,0,stay,1,4.171774752066063,0.0,0,0.0,79.54459666390701,1.945149550989373,0,2.4625180868623255,46.9357016,7.4692712,9455383235,,,,,0.0,0.0
248,283,1,19,1,random_activity,1,3.274661109460032,0.0,0,0.0,79.14486855107515,3.2000399315333103,0,0.2803548700378321,46.9357016,7.4692712,9455383235,gym,Gym 2,9455383235.0,drive,0.0,0.0
249,284,1,20,1,random_activity,1,3.6335621262023485,0.0,0,0.0,79.66918659633983,2.688736658630221,0,1.116660124012662,46.886931,7.5020927,300025613,park,Park 1,300025613.0,drive,11402.086293684337,22.804172587368672
250,286,1,22,1,random_activity,2,1.7895632719472694,0.0,0,0.0,86.62262288012245,2.326447855433305,0,-0.7291665165915775,46.9270005,7.4989352,278860240,pool,Pool 1,278860240.0,walk,5191.330212434148,64.89162765542684
251,287,1,23,1,random_activity,1,0.8811029052760446,0.0,0,0.0,84.95505625728717,1.3209203715149131,0,0.8811029052760446,46.9357016,7.4692712,9455383235,gym,Gym 2,9455383235.0,bike,2882.491094414183,11.529964377656732
252,288,1,0,1,random_activity,1,0.8936470711770703,0.0,0,0.0,84.61857430980677,1.622734547947191,0,-0.9184067744984188,46.9270005,7.4989352,278860240,pool,Pool 1,278860240.0,drive,2820.4346149371745,5.640869229874349
253,289,1,1,1,random_activity,1,-1.0982287033669218,0.0,0,0.0,95.1367972382261,1.2229701258331582,0,-1.0982287033669218,46.9270005,7.4989352,278860240,pool,Pool 1,278860240.0,drive,0.0,0.0
254,290,1,2,0,stay,1,0.848998526306441,0.0,0,0.0,91.66373720529039,1.7357305094123148,0,-1.127974247455822,46.9270005,7.4989352,278860240,,,,,0.0,0.0
255,291,1,3,1,random_activity,1,-1.1347476831065137,0.0,0,0.0,90.69899763102927,3.536592137234247,0,-5.324541343940082,46.9270005,7.4989352,278860240,pool,Pool 1,278860240.0,bike,0.0,0.0
256,292,1,4,1,random_activity,1,-1.1575868848712279,0.0,0,0.0,86.79216932790439,1.0912238049905931,0,-1.1575868848712279,46.9270005,7.4989352,278860240,pool,Pool 1,278860240.0,drive,0.0,0.0
257,293,1,5,1,random_activity,1,-0.6688305065411762,0.0,0,0.0,88.14358418084207,1.3311429894002629,0,-0.6688305065411762,46.886931,7.5020927,300025613,park,Park 1,300025613.0,bike,5191.330212434144,20.76532084973658
258,295,1,7,1,random_activity,2,2.3518397895478165,0.0,0,0.0,82.02759091182679,2.2274596482567874,0,0.03485813233937386,46.9357016,7.4692712,9455383235,gym,Gym 2,9455383235.0,walk,7714.350028063813,96.42937535079766
259,296,1,8,0,stay,1,2.8210545173474206,0.0,0,0.0831359234325307,84.508626320003,1.2280117618935278,0,2.8210545173474206,46.9357016,7.4692712,9455383235,,,,,0.0,0.0
260,297,1,9,1,random_activity,1,2.460084637014682,0.0,0,0.16898412860711726,81.66281336524814,1.8699771587315506,0,0.5620127275299246,46.886931,7.5020927,300025613,park,Park 1,300025613.0,drive,11402.086293684337,22.804172587368672
261,298,1,10,1,random_activity,1,1.3585422855732943,0.0,0,0.24597183949106474,85.23597404935188,0.927624859398828,0,1.3585422855732943,46.9270005,7.4989352,278860240,pool,Pool 1,278860240.0,bike,5191.330212434148,20.765320849736593
262,299,1,11,1,random_activity,1,1.8484881357950913,0.0,0,0.2705639765155964,87.36350848691107,2.861644087377122,0,-1.1628173385868894,46.9270005,7.4989352,278860240,pool,Pool 1,278860240.0,bike,0.0,0.0
263,300,1,12,1,random_activity,1,4.109289463934448,0.0,0,0.31909954288549697,82.63605306110293,1.169573181616917,0,4.109289463934448,46.886931,7.5020927,300025613,park,Park 1,300025613.0,bike,5191.330212434144,20.76532084973658
264,302,1,14,1,random_activity,2,5.119980437435607,0.0,0,0.22551759353056508,69.1890101847736,2.4083683426820173,0,3.121617747078594,46.9270005,7.4989352,278860240,pool,Pool 1,278860240.0,walk,5191.330212434148,64.89162765542684
265,303,1,15,1,random_activity,1,4.47432269965492,0.0,0,0.23767572486070188,70.36585998693066,2.3594597901780974,0,2.4033683879442926,46.9357016,7.4692712,9455383235,gym,Gym 2,9455383235.0,drive,2897.988691731666,5.795977383463333
266,305,1,17,1,random_activity,2,3.299177707779932,0.0,0,0.0,74.59081402246133,1.045019395340248,0,3.299177707779932,46.886931,7.5020927,300025613,park,Park 1,300025613.0,walk,7714.35002806381,96.42937535079763
267,306,1,18,0,stay,1,4.227752485886962,0.0,0,0.0,82.23102616811806,2.240075383676248,0,2.2254328890288297,46.886931,7.5020927,300025613,,,,,0.0,0.0
268,307,1,19,0,stay,1,3.0350477817898227,0.0,0,0.0,75.2753186448564,2.172625584216873,0,0.8935380455154984,46.886931,7.5020927,300025613,,,,,0.0,0.0
269,308,1,20,1,random_activity,1,2.474726824379968,0.0,0,0.0,75.84522670566712,2.346136331794835,0,0.05835073257299052,46.9357016,7.4692712,9455383235,gym,Gym 2,9455383235.0,bike,7714.350028063813,30.857400112255252
270,309,1,21,0,stay,1,1.4811524542846017,0.0,0,0.0,81.24340828796414,2.095993552357657,0,-0.8419181482793291,46.9357016,7.4692712,9455383235,,,,,0.0,0.0
271,310,1,22,1,random_activity,1,0.06681602651371571,0.0,0,0.0,83.10669321328317,2.613491431906902,0,-3.058012560684086,46.9270005,7.4989352,278860240,pool,Pool 1,278860240.0,walk,2882.4910944141825,36.03113868017728
272,311,1,23,0,stay,1,-1.9002144387727535,0.0,0,0.0,84.68823502086221,2.5043371990744947,0,-5.2779925225955555,46.9270005,7.4989352,278860240,,,,,0.0,0.0
273,312,1,0,0,stay,1,-3.3198853783227307,0.0,0,0.0,89.7708233978651,0.9732844169466993,0,-3.3198853783227307,46.9270005,7.4989352,278860240,,,,,0.0,0.0
274,313,1,1,1,random_activity,1,-2.9951509169752564,0.0,0,0.0,88.54803188658516,1.587554111519762,0,-5.32034589678215,46.886931,7.5020927,300025613,park,Park 1,300025613.0,drive,9027.577634401636,18.055155268803272
275,314,1,2,0,stay,1,-2.1552584369799352,0.0,0,0.0,95.79265658673437,1.368629335737915,0,-3.979776247220737,46.886931,7.5020927,300025613,,,,,0.0,0.0
276,315,1,3,1,random_activity,1,-2.916864362799827,0.0,0,0.0,89.35281140909973,2.564229626676325,0,-6.549852435807703,46.886931,7.5020927,300025613,park,Park 1,300025613.0,drive,0.0,0.0
277,316,1,4,1,random_activity,1,-3.851830204108744,0.0,0,0.0,100.0,1.2675531265202846,0,-3.851830204108744,46.886931,7.5020927,300025613,park,Park 1,300025613.0,bike,0.0,0.0
278,317,1,5,0,stay,1,-4.2282988145833,0.0,0,0.0,93.95853046912693,0.6895741408082261,0,-4.2282988145833,46.886931,7.5020927,300025613,,,,,0.0,0.0
279,318,1,6,1,random_activity,1,-2.3559021673429608,0.0,0,0.0,88.67379651551767,1.3138866697294214,0,-2.3559021673429608,46.886931,7.5020927,300025613,park,Park 1,300025613.0,bike,0.0,0.0
280,319,1,7,1,random_activity,1,-1.794559123770831,0.0,0,0.0,90.60666080289064,3.5539443851788097,0,-6.141536520578583,46.886931,7.5020927,300025613,park,Park 1,300025613.0,bike,0.0,0.0
281,320,1,8,1,random_activity,1,-1.3556469261054722,0.0,0,0.017473520009387,84.69117443379679,3.257315496965205,0,-5.359552269016198,46.886931,7.5020927,300025613,park,Park 1,300025613.0,bike,0.0,0.0
282,321,1,9,1,random_activity,1,0.043340524328075225,0.0,0,0.24549054164526074,85.5649900104763,2.034257398468545,0,-2.4477657625643228,46.9270005,7.4989352,278860240,pool,Pool 1,278860240.0,bike,5191.330212434148,20.765320849736593
283,322,1,10,1,random_activity,1,-0.4184104516104996,0.0,0,0.3120037434016463,85.1477244169839,2.7161072367751293,0,-3.736733610305014,46.9270005,7.4989352,278860240,pool,Pool 1,278860240.0,drive,0.0,0.0
284,324,1,12,1,random_activity,2,0.4867618606905644,0.0,0,0.4441032883780802,86.09759435863656,2.224820322046118,0,-2.1522574756607624,46.886931,7.5020927,300025613,park,Park 1,300025613.0,walk,5191.330212434144,64.8916276554268
285,325,1,13,1,random_activity,1,0.01214639481137958,0.0,0,0.3382285422861611,73.3048404888986,2.4218221164632423,0,-2.926071924643507,46.9270005,7.4989352,278860240,pool,Pool 1,278860240.0,drive,9427.604015681143,18.855208031362288
286,326,1,14,1,random_activity,1,1.2826733652337776,0.0,0,0.3335788962159523,70.7204840928883,1.9623368080912407,0,-0.9166340236908057,46.9357016,7.4692712,9455383235,gym,Gym 2,9455383235.0,walk,2882.491094414183,36.031138680177285
287,327,1,15,0,stay,1,1.290952803037441,0.0,0,0.22099001008000502,71.8978267066115,2.1621378453555167,0,-1.1389615662717647,46.9357016,7.4692712,9455383235,,,,,0.0,0.0
288,328,1,16,0,stay,1,0.8048618791995108,0.0,0,0.06760005952566557,76.3654790091152,1.750502256389994,0,-1.198936048424751,46.9357016,7.4692712,9455383235,,,,,0.0,0.0
289,329,1,17,1,random_activity,1,0.4471041075906379,0.0,0,0.0,77.06981745622961,1.5396422730789752,0,-1.3063229370877711,46.9357016,7.4692712,9455383235,gym,Gym 2,9455383235.0,walk,0.0,0.0
290,330,1,18,1,random_activity,1,1.8458269611754243,0.0,0,0.0,77.93518255300422,1.3870059980068625,0,0.5233913026235766,46.9357016,7.4692712,9455383235,gym,Gym 2,9455383235.0,walk,0.0,0.0
291,331,1,19,1,random_activity,1,1.3370699971533868,0.0,0,0.0,84.6494797561778,1.6183884615379167,0,-0.4036650557110851,46.886931,7.5020927,300025613,park,Park 1,300025613.0,drive,11402.086293684337,22.804172587368672
292,332,1,20,1,random_activity,1,0.15960524602912596,0.0,0,0.0,82.70713146953236,5.098567817960965,0,-4.772903423161108,46.886931,7.5020927,300025613,park,Park 1,300025613.0,bike,0.0,0.0
293,334,1,22,1,random_activity,2,-0.636232536946827,0.0,0,0.0,87.41800807604233,2.112599309575815,0,-3.33720082687686,46.9357016,7.4692712,9455383235,gym,Gym 2,9455383235.0,walk,7714.350028063813,96.42937535079766
294,335,1,23,0,stay,1,-2.485483393937262,0.0,0,0.0,93.23610596757118,1.4314834819319222,0,-4.468758227895884,46.9357016,7.4692712,9455383235,,,,,0.0,0.0
295,337,1,1,1,random_activity,2,-3.6778597765996217,0.0,0,0.0,90.18091421739429,1.4683054929626342,0,-5.891750417934633,46.886931,7.5020927,300025613,park,Park 1,300025613.0,walk,7714.35002806381,96.42937535079763
296,338,1,2,1,random_activity,1,-4.725466440972205,0.0,0,0.0,90.94696742191609,1.0613463319157384,0,-4.725466440972205,46.886931,7.5020927,300025613,park,Park 1,300025613.0,drive,0.0,0.0
297,340,1,4,1,random_activity,2,-3.329785483049267,0.0,0,0.0,100.0,1.8581539899421495,0,-6.130967210317134,46.9270005,7.4989352,278860240,pool,Pool 1,278860240.0,walk,5191.330212434148,64.89162765542684
298,341,1,5,0,stay,1,-2.98898450379864,0.0,0,0.0,96.50306801770074,1.4289289712988305,0,-5.0363265030137665,46.9270005,7.4989352,278860240,,,,,0.0,0.0
299,342,1,6,1,random_activity,1,-1.883729434434618,0.0,0,0.0,90.94521571759452,1.8154509663635006,0,-4.394846369461689,46.886931,7.5020927,300025613,park,Park 1,300025613.0,bike,5191.330212434144,20.76532084973658
300,343,1,7,1,random_activity,1,-1.4277967709059156,0.0,0,0.0,87.9592389632414,0.4027152064685555,0,-1.4277967709059156,46.9357016,7.4692712,9455383235,gym,Gym 2,9455383235.0,bike,7714.350028063813,30.857400112255252
301,344,1,8,1,random_activity,1,-2.1337890020864156,0.0,0,0.09107776976569595,94.11120347392234,1.1019913974105509,0,-2.1337890020864156,46.9270005,7.4989352,278860240,pool,Pool 1,278860240.0,bike,2882.4910944141825,11.52996437765673
302,345,1,9,0,stay,1,-1.9728212793852666,0.0,0,0.19278301932870223,89.0677474059658,1.8961535500935844,0,-4.612391198599736,46.9270005,7.4989352,278860240,,,,,0.0,0.0
303,346,1,10,1,random_activity,1,-2.2808776041736225,0.0,0,0.23531893852007457,85.08665424594231,0.9316783073206235,0,-2.2808776041736225,46.9357016,7.4692712,9455383235,gym,Gym 2,9455383235.0,drive,2897.988691731666,5.795977383463333
304,347,1,11,1,random_activity,1,-1.1988645532441273,0.0,0,0.40621676825695396,86.13832916114036,1.94788197118056,0,-3.7839187256508446,46.886931,7.5020927,300025613,park,Park 1,300025613.0,drive,11402.086293684337,22.804172587368672
305,348,1,12,0,stay,1,0.7414790911956546,0.0,0,0.3981387179191549,75.39061192129667,1.0550898958485042,0,0.7414790911956546,46.886931,7.5020927,300025613,,,,,0.0,0.0
306,349,1,13,1,random_activity,1,2.0351209182039023,0.0,0,0.3887893061528811,74.72595878277552,2.199943797623095,0,-0.3077867568568394,46.9357016,7.4692712,9455383235,gym,Gym 2,9455383235.0,bike,7714.350028063813,30.857400112255252
307,350,1,14,0,stay,1,1.5379153563621462,0.0,0,0.3413172054295997,75.69905764747024,2.648377108817078,0,-1.3421992761115062,46.9357016,7.4692712,9455383235,,,,,0.0,0.0
308,351,1,15,1,random_activity,1,1.3279979283918433,0.0,0,0.08806076315647551,77.00683498700576,1.9983753388910444,0,-0.9071177527107426,46.9270005,7.4989352,278860240,pool,Pool 1,278860240.0,drive,2820.4346149371745,5.640869229874349
309,352,1,16,1,random_activity,1,1.7098687883302706,0.0,0,0.09554540674613783,76.29112830882065,1.9969464302658713,0,-0.4606619890105495,46.9270005,7.4989352,278860240,pool,Pool 1,278860240.0,drive,0.0,0.0
310,353,1,17,1,random_activity,1,1.8671015509653675,0.0,0,0.0,78.43806823736135,0.6058713972105756,0,1.8671015509653675,46.9270005,7.4989352,278860240,pool,Pool 1,278860240.0,bike,0.0,0.0
311,354,1,18,1,random_activity,1,1.040919003634032,0.0,0,0.0,82.09692720868475,1.1113359267530087,0,1.040919003634032,46.9357016,7.4692712,9455383235,gym,Gym 2,9455383235.0,walk,2882.491094414183,36.031138680177285
312,355,1,19,0,stay,1,-0.19676472066248873,0.0,0,0.0,76.63564152994223,2.110646230833852,0,-2.8208617412458223,46.9357016,7.4692712,9455383235,,,,,0.0,0.0
313,357,1,21,1,random_activity,2,-0.5515532770593574,0.0,0,0.0,84.63932291533837,1.2600833182060187,0,-0.5515532770593574,46.886931,7.5020927,300025613,park,Park 1,300025613.0,walk,7714.35002806381,96.42937535079763
314,359,1,23,1,random_activity,2,-1.4428749406516137,0.0,0,0.0,85.78929347662806,1.1761712333592007,0,-1.4428749406516137,46.9357016,7.4692712,9455383235,gym,Gym 2,9455383235.0,walk,7714.350028063813,96.42937535079766
315,360,1,0,0,stay,1,-1.1130095512701514,0.0,0,0.0,92.3690002439233,1.87615425931284,0,-3.58763861952649,46.9357016,7.4692712,9455383235,,,,,0.0,0.0
316,361,1,1,1,random_activity,1,-1.1641617816279108,0.0,0,0.0,92.07534732832318,0.04691587336120584,0,-1.1641617816279108,46.9357016,7.4692712,9455383235,gym,Gym 2,9455383235.0,drive,0.0,0.0
317,362,1,2,0,stay,1,-2.711587669599584,0.0,0,0.0,100.0,0.0,0,-2.711587669599584,46.9357016,7.4692712,9455383235,,,,,0.0,0.0
318,363,1,3,0,stay,1,-3.772141599155444,0.0,0,0.0,99.17152785878184,2.6298764457801815,0,-7.6392918379959225,46.9357016,7.4692712,9455383235,,,,,0.0,0.0
319,364,1,4,0,stay,1,-4.138802349689474,0.0,0,0.0,94.18095675745099,3.3755412383868215,0,-8.834411618679631,46.9357016,7.4692712,9455383235,,,,,0.0,0.0
320,365,1,5,1,random_activity,1,-3.7589356449633886,0.0,0,0.0,94.04406755765949,1.6632997613410172,0,-6.322094834055431,46.9270005,7.4989352,278860240,pool,Pool 1,278860240.0,drive,2820.4346149371745,5.640869229874349
321,366,1,6,1,random_activity,1,-2.8847990001652133,0.0,0,0.0,96.82554036799468,2.4193980066889216,0,-6.346560873057005,46.886931,7.5020927,300025613,park,Park 1,300025613.0,drive,9027.577634401636,18.055155268803272
322,367,1,7,0,stay,1,-3.2284949039329147,0.0,0,0.0,87.8022156962009,3.030533463611731,0,-7.4084714336616395,46.886931,7.5020927,300025613,,,,,0.0,0.0
323,368,1,8,1,random_activity,1,-0.8569639443257135,0.0,0,0.041932411493289565,86.6904218437495,2.401545175427202,0,-3.9308549457424666,46.9357016,7.4692712,9455383235,gym,Gym 2,9455383235.0,bike,7714.350028063813,30.857400112255252
324,369,1,9,1,random_activity,1,0.09193027346825672,0.0,0,0.27271609472664515,82.22401952426407,1.5097806205724398,0,-1.6655153643033591,46.9270005,7.4989352,278860240,pool,Pool 1,278860240.0,bike,2882.4910944141825,11.52996437765673
325,370,1,10,0,stay,1,0.16481271346070914,0.0,0,0.33909989416378705,84.1706049582027,1.4282606168025374,0,-1.4514033692604182,46.9270005,7.4989352,278860240,,,,,0.0,0.0
326,371,1,11,0,stay,1,1.670997309860082,0.0,0,0.48153837092879465,76.98191670682955,1.2725805411551092,0,1.670997309860082,46.9270005,7.4989352,278860240,,,,,0.0,0.0
327,372,1,12,1,random_activity,1,1.807379584602002,0.0,0,0.5054578125700369,78.99967181560605,1.504592344916586,0,0.29933698961488947,46.9357016,7.4692712,9455383235,gym,Gym 2,9455383235.0,drive,2897.988691731666,5.795977383463333
328,373,1,13,1,random_activity,1,1.231761452619115,0.0,0,0.4570821124815646,85.12451674105027,3.3010908864627204,0,-2.2660949887048707,46.9357016,7.4692712,9455383235,gym,Gym 2,9455383235.0,bike,0.0,0.0
329,374,1,14,0,stay,1,2.1258725962443368,0.0,0,0.42028659108989774,74.04455874573986,0.6315015560497828,0,2.1258725962443368,46.9357016,7.4692712,9455383235,,,,,0.0,0.0
330,375,1,15,0,stay,1,2.1670105574960346,0.0,0,0.28456798407931866,67.27736283411372,2.144468998802985,0,-0.09341240765933752,46.9357016,7.4692712,9455383235,,,,,0.0,0.0
331,376,1,16,1,random_activity,1,1.4551949519061425,0.0,0,0.10207594745719906,71.69952134834162,1.8414616583429746,0,-0.5667145888372183,46.886931,7.5020927,300025613,park,Park 1,300025613.0,drive,11402.086293684337,22.804172587368672
332,377,1,17,0,stay,1,0.6295922181838924,0.0,0,0.0,72.47031298102011,2.3994786102942554,0,-2.1731487001870047,46.886931,7.5020927,300025613,,,,,0.0,0.0
333,378,1,18,1,random_activity,1,0.972931781468917,0.0,0,0.0,75.02468086417078,1.8519234352555245,0,-1.1384910593485407,46.9270005,7.4989352,278860240,pool,Pool 1,278860240.0,bike,5191.330212434148,20.765320849736593
334,379,1,19,1,random_activity,1,0.4619289179546796,0.0,0,0.0,81.79070264197347,2.0506029179362155,0,-1.9792699675381837,46.9357016,7.4692712,9455383235,gym,Gym 2,9455383235.0,drive,2897.988691731666,5.795977383463333
335,380,1,20,1,random_activity,1,-0.271705673441603,0.0,0,0.0,79.61967945645183,1.950816386509332,0,-2.7098540021588433,46.886931,7.5020927,300025613,park,Park 1,300025613.0,bike,7714.35002806381,30.85740011225524
336,381,1,21,1,random_activity,1,0.26014498023137356,0.0,0,0.0,84.44157180049986,2.4265281772331218,0,-2.6379579279889023,46.9357016,7.4692712,9455383235,gym,Gym 2,9455383235.0,bike,7714.350028063813,30.857400112255252
337,382,1,22,0,stay,1,0.8247201391013435,0.0,0,0.0,86.9465829955872,1.820528209116383,0,-1.2693030103924308,46.9357016,7.4692712,9455383235,,,,,0.0,0.0
338,383,1,23,0,stay,1,-1.9660692213428235,0.0,0,0.0,89.06566135522682,2.210512611031723,0,-5.014767696982317,46.9357016,7.4692712,9455383235,,,,,0.0,0.0
339,384,1,0,1,random_activity,1,-3.4992070852248807,0.0,0,0.0,89.12173628186495,3.0910313646628387,0,-7.79310050854246,46.886931,7.5020927,300025613,park,Park 1,300025613.0,bike,7714.35002806381,30.85740011225524
340,386,1,2,1,random_activity,2,-5.493501619343785,0.0,0,0.0,99.98529454288798,2.06427705708193,0,-8.948994913411804,46.9357016,7.4692712,9455383235,gym,Gym 2,9455383235.0,walk,7714.350028063813,96.42937535079766
341,387,1,3,1,random_activity,1,-4.103675647812997,0.0,0,0.0,90.25247247895305,1.5560956984916785,0,-6.5348313128160065,46.9357016,7.4692712,9455383235,gym,Gym 2,9455383235.0,walk,0.0,0.0
342,389,1,5,1,random_activity,2,-5.281095460852352,0.0,0,0.0,100.0,1.7490467640239218,0,-8.215753826232692,46.886931,7.5020927,300025613,park,Park 1,300025613.0,walk,7714.35002806381,96.42937535079763
343,391,1,7,1,random_activity,2,-3.6231784609175834,0.0,0,0.0,94.04413220557137,2.6659088485861764,0,-7.5021230994653685,46.9357016,7.4692712,9455383235,gym,Gym 2,9455383235.0,walk,7714.350028063813,96.42937535079766
344,392,1,8,1,random_activity,1,-1.6417478882412193,0.0,0,0.10094420654929812,87.34553109443442,1.4609193014500617,0,-3.5607940621155425,46.9357016,7.4692712,9455383235,gym,Gym 2,9455383235.0,drive,0.0,0.0
345,393,1,9,1,random_activity,1,-1.241683628232086,0.0,0,0.29040449610727387,85.77282829958347,3.1185703295507032,0,-5.099791760491993,46.9270005,7.4989352,278860240,pool,Pool 1,278860240.0,drive,2820.4346149371745,5.640869229874349
346,394,1,10,0,stay,1,0.6530177962946069,0.0,0,0.42658223148651914,76.97831008427616,0.6506811635955125,0,0.6530177962946069,46.9270005,7.4989352,278860240,,,,,0.0,0.0
347,395,1,11,1,random_activity,1,2.0094566690126223,0.0,0,0.6167840681558666,77.58462862520935,3.038825345148962,0,-1.1183740239274362,46.886931,7.5020927,300025613,park,Park 1,300025613.0,bike,5191.330212434144,20.76532084973658
348,396,1,12,1,random_activity,1,2.7044078527821864,0.0,0,0.6553715813552945,71.44193958254549,2.561770657182381,0,0.12398321573837418,46.9357016,7.4692712,9455383235,gym,Gym 2,9455383235.0,bike,7714.350028063813,30.857400112255252
349,398,1,14,1,random_activity,2,3.0396294247153577,0.0,0,0.6062302383406835,75.27681682766486,1.422337901859293,0,1.8240636171981548,46.886931,7.5020927,300025613,park,Park 1,300025613.0,walk,7714.35002806381,96.42937535079763
350,399,1,15,1,random_activity,1,3.8578086858748057,0.0,0,0.336847534575847,73.5807970109976,0.3900677870260256,0,3.8578086858748057,46.9449518,7.4382919,3409298102,gym,Gym 1,3409298102.0,drive,8911.526126786184,17.823052253572367
351,400,1,16,0,stay,1,4.176528652757142,0.0,0,0.16932506021531052,72.63685625674319,1.9477958450902353,0,2.4651605319003087,46.9449518,7.4382919,3409298102,,,,,0.0,0.0
352,401,1,17,1,random_activity,1,2.1869998197991696,0.0,0,0.0,73.49387212475018,1.972180622127533,0,0.12374595139141557,46.9270005,7.4989352,278860240,pool,Pool 1,278860240.0,bike,5639.168644946568,22.55667457978627
353,403,1,19,1,random_activity,2,1.3181149744549983,0.0,0,0.0,80.38983452093164,3.1841562140794446,0,-2.0689126736805266,46.886931,7.5020927,300025613,park,Park 1,300025613.0,walk,5191.330212434144,64.8916276554268
354,405,1,21,1,random_activity,2,-1.1031701176315152,0.0,0,0.0,82.57397494885602,0.9899524636842502,0,-1.1031701176315152,46.9270005,7.4989352,278860240,pool,Pool 1,278860240.0,walk,5191.330212434148,64.89162765542684
355,406,1,22,1,random_activity,1,-4.471926135995348,0.0,0,0.0,87.34600594590022,0.646450710374157,0,-4.471926135995348,46.9270005,7.4989352,278860240,pool,Pool 1,278860240.0,bike,0.0,0.0
356,407,1,23,0,stay,1,-3.907244545290668,0.0,0,0.0,83.17313075807873,2.859627107566074,0,-8.049505738783843,46.9270005,7.4989352,278860240,,,,,0.0,0.0
357,408,1,0,1,random_activity,1,-2.425700718524878,0.0,0,0.0,91.7355952086252,0.4074873590409418,0,-2.425700718524878,46.9270005,7.4989352,278860240,pool,Pool 1,278860240.0,drive,0.0,0.0
358,409,1,1,0,stay,1,-2.8554965964732295,0.0,0,0.0,92.82777948214913,2.0010730756208344,0,-5.783485839239475,46.9270005,7.4989352,278860240,,,,,0.0,0.0
359,410,1,2,0,stay,1,-2.4195809116450415,0.0,0,0.0,93.15445366694132,2.5967777793132605,0,-5.99517340006462,46.9270005,7.4989352,278860240,,,,,0.0,0.0
360,411,1,3,1,random_activity,1,-3.240086263950454,0.0,0,0.0,88.93823721685453,1.6909682785208195,0,-5.770435937654356,46.9270005,7.4989352,278860240,pool,Pool 1,278860240.0,drive,0.0,0.0
361,412,1,4,1,random_activity,1,-2.1018176402336524,0.0,0,0.0,95.47488701412672,1.9252665370448554,0,-4.802527814985922,46.9357016,7.4692712,9455383235,gym,Gym 2,9455383235.0,bike,2882.491094414183,11.529964377656732
362,413,1,5,1,random_activity,1,-1.9803880283392092,0.0,0,0.0,89.98956052472478,1.079503556181506,0,-1.9803880283392092,46.9270005,7.4989352,278860240,pool,Pool 1,278860240.0,bike,2882.4910944141825,11.52996437765673
363,414,1,6,1,random_activity,1,-2.9854323784414074,0.0,0,0.0,91.32275059193117,2.3610953659194585,0,-6.396380811004239,46.9270005,7.4989352,278860240,pool,Pool 1,278860240.0,drive,0.0,0.0
364,415,1,7,0,stay,1,-4.7282002451079865,0.0,0,0.0,93.36595064860332,2.632686558870171,0,-8.779417043869067,46.9270005,7.4989352,278860240,,,,,0.0,0.0
365,416,1,8,1,random_activity,1,-3.5383103651118395,0.0,0,0.06294470307794031,83.72640970338529,2.775457919586155,0,-7.519577236816087,46.9270005,7.4989352,278860240,pool,Pool 1,278860240.0,bike,0.0,0.0
366,418,1,10,1,random_activity,2,-0.9142448651193429,0.0,0,0.287760376614323,79.48693251668317,2.731513193031233,0,-4.343093585193326,46.886931,7.5020927,300025613,park,Park 1,300025613.0,walk,5191.330212434144,64.8916276554268
367,419,1,11,0,stay,1,-0.1893843828172077,0.0,0,0.26141139466292185,83.00730818571608,2.018832353280636,0,-2.7000467037462923,46.886931,7.5020927,300025613,,,,,0.0,0.0
368,420,1,12,0,stay,1,-0.4988163017617022,0.28974502689293996,1,0.14194610961662085,96.21989292572306,2.8770872638180935,0,-3.986674748626083,46.886931,7.5020927,300025613,,,,,0.0,0.0
369,421,1,13,1,random_activity,1,-0.06324561843955312,0.0,0,0.38783945446812945,77.21997569447646,2.483467030911104,0,-3.0800519953392995,46.9357016,7.4692712,9455383235,gym,Gym 2,9455383235.0,bike,7714.350028063813,30.857400112255252
370,422,1,14,1,random_activity,1,-0.5189765136472553,0.0,0,0.2872768261842798,78.57522057049123,2.4114374441582145,0,-3.54245725458423,46.9357016,7.4692712,9455383235,gym,Gym 2,9455383235.0,bike,0.0,0.0
371,423,1,15,1,random_activity,1,-0.7377929761013649,0.0,0,0.18198606226404973,75.04846567669848,1.8392336824823807,0,-3.102427589968296,46.886931,7.5020927,300025613,park,Park 1,300025613.0,drive,11402.086293684337,22.804172587368672
372,424,1,16,1,random_activity,1,-1.4760394914037183,0.0,0,0.06255626709334478,75.1001597580585,2.0771061624007894,0,-4.27468241044865,46.9270005,7.4989352,278860240,pool,Pool 1,278860240.0,bike,5191.330212434148,20.765320849736593
373,425,1,17,1,random_activity,1,0.2787108065726618,0.0,0,0.0,80.59790689705962,3.228040542491983,0,-3.3596853690101667,46.9357016,7.4692712,9455383235,gym,Gym 2,9455383235.0,drive,2897.988691731666,5.795977383463333
374,426,1,18,1,random_activity,1,0.8774707861017907,0.0,0,0.0,79.28094510631401,0.9048288003824905,0,0.8774707861017907,46.886931,7.5020927,300025613,park,Park 1,300025613.0,drive,11402.086293684337,22.804172587368672
375,427,1,19,1,random_activity,1,0.8688320671435743,0.0,0,0.0,68.64158568808817,0.0,0,0.8688320671435743,46.886931,7.5020927,300025613,park,Park 1,300025613.0,walk,0.0,0.0
376,428,1,20,1,random_activity,1,0.9851593735261823,0.0,0,0.0,77.21031253289948,1.8015163769422888,0,-1.0588473792126172,46.886931,7.5020927,300025613,park,Park 1,300025613.0,bike,0.0,0.0
377,429,1,21,1,random_activity,1,0.17270849554301232,0.0,0,0.0,88.10638260713684,1.6936808855882097,0,-1.8481872905462993,46.9270005,7.4989352,278860240,pool,Pool 1,278860240.0,bike,5191.330212434148,20.765320849736593
378,430,1,22,0,stay,1,-2.6337654390142182,0.0,0,0.0,89.93618771297133,1.2115680069923371,0,-2.6337654390142182,46.9270005,7.4989352,278860240,,,,,0.0,0.0
379,431,1,23,0,stay,1,-2.4141921893155027,0.0,0,0.0,90.59279532122032,0.8162807503114591,0,-2.4141921893155027,46.9270005,7.4989352,278860240,,,,,0.0,0.0
380,432,1,0,1,random_activity,1,-4.117784987724773,0.0,0,0.0,95.80799737762696,1.1029650269931008,0,-4.117784987724773,46.9357016,7.4692712,9455383235,gym,Gym 2,9455383235.0,bike,2882.491094414183,11.529964377656732
381,433,1,1,1,random_activity,1,-5.236767339044214,0.0,0,0.0,91.70445807762955,2.1667303211532127,0,-8.793343623277433,46.9357016,7.4692712,9455383235,gym,Gym 2,9455383235.0,walk,0.0,0.0
382,434,1,2,1,random_activity,1,-4.432959051549178,0.0,0,0.0,97.2772633577744,2.910332886783044,0,-8.732326530036147,46.9270005,7.4989352,278860240,pool,Pool 1,278860240.0,walk,2882.4910944141825,36.03113868017728
383,435,1,3,1,random_activity,1,-1.6639839296441026,0.0,0,0.0,95.2501164138095,1.1790644156206298,0,-1.6639839296441026,46.9357016,7.4692712,9455383235,gym,Gym 2,9455383235.0,walk,2882.491094414183,36.031138680177285
384,436,1,4,1,random_activity,1,-0.7646083093389695,0.0,0,0.0,93.30896435342964,1.785436964985106,0,-3.0586718379310796,46.9270005,7.4989352,278860240,pool,Pool 1,278860240.0,bike,2882.4910944141825,11.52996437765673
385,437,1,5,1,random_activity,1,-1.2776007890041337,0.0,0,0.0,84.87728380054064,0.6436881109723438,0,-1.2776007890041337,46.9357016,7.4692712,9455383235,gym,Gym 2,9455383235.0,drive,2897.988691731666,5.795977383463333
386,438,1,6,0,stay,1,-1.6308735068132112,0.0,0,0.0,93.80123736746698,1.365350583376256,0,-3.379799618678339,46.9357016,7.4692712,9455383235,,,,,0.0,0.0
387,439,1,7,1,random_activity,1,-1.6119754913096132,0.0,0,0.0,88.93752161393283,1.9772339911789172,0,-4.303433072313151,46.9270005,7.4989352,278860240,pool,Pool 1,278860240.0,walk,2882.4910944141825,36.03113868017728
388,440,1,8,0,stay,1,-1.5025391999967868,0.0,0,0.16007431939369166,91.22981006183862,1.3708034678065264,0,-3.244287635863624,46.9270005,7.4989352,278860240,,,,,0.0,0.0
389,441,1,9,0,stay,1,-2.172495243086217,0.0,0,0.36496566039431055,81.41432802526312,3.4407440944141765,0,-6.506604961219278,46.9270005,7.4989352,278860240,,,,,0.0,0.0
390,442,1,10,1,random_activity,1,0.44667819861075353,0.0,0,0.4143785333895903,78.65053526435648,1.2232761510165209,0,0.44667819861075353,46.886931,7.5020927,300025613,park,Park 1,300025613.0,drive,9027.577634401636,18.055155268803272
391,443,1,11,1,random_activity,1,1.0749972944859019,0.0,0,0.54470802247434,76.28375104522671,0.5611947249819178,0,1.0749972944859019,46.886931,7.5020927,300025613,park,Park 1,300025613.0,walk,0.0,0.0
392,444,1,12,1,random_activity,1,1.1462558979346449,0.0,0,0.6458635075991195,69.15318676480466,2.257797467760054,0,-1.4137800406860654,46.9270005,7.4989352,278860240,pool,Pool 1,278860240.0,drive,9427.604015681143,18.855208031362288
393,445,1,13,1,random_activity,1,1.2064961025381198,0.0,0,0.6177072172002378,74.88471512069022,1.4697265320736526,0,-0.33263987002808393,46.886931,7.5020927,300025613,park,Park 1,300025613.0,drive,9027.577634401636,18.055155268803272
394,446,1,14,1,random_activity,1,3.5165360553698393,0.0,0,0.506595385961178,76.85566894641535,1.4144488392584262,0,2.377332007065181,46.886931,7.5020927,300025613,park,Park 1,300025613.0,walk,0.0,0.0
395,447,1,15,1,random_activity,1,3.7639812399451453,0.0,0,0.3552317008291828,73.78136774778713,1.559415439393427,0,2.4567952054577487,46.886931,7.5020927,300025613,park,Park 1,300025613.0,drive,0.0,0.0
396,448,1,16,1,random_activity,1,3.283058418811335,0.0,0,0.14600573267888084,69.90557596331408,3.0421171108900142,0,0.41046978802718964,46.9270005,7.4989352,278860240,pool,Pool 1,278860240.0,bike,5191.330212434148,20.765320849736593
397,449,1,17,1,random_activity,1,2.981431230164584,0.0,0,0.0,76.04925733076188,1.7605193000639772,0,1.2989196253907191,46.9357016,7.4692712,9455383235,gym,Gym 2,9455383235.0,drive,2897.988691731666,5.795977383463333
398,450,1,18,1,random_activity,1,2.5254308956614384,0.0,0,0.0,80.48488172732078,1.7365040538267074,0,0.8033357637300279,46.886931,7.5020927,300025613,park,Park 1,300025613.0,drive,11402.086293684337,22.804172587368672
399,452,1,20,1,random_activity,2,1.3736961184237186,0.0,0,0.0,79.76320937157551,1.1075571900793324,0,1.3736961184237186,46.9357016,7.4692712,9455383235,gym,Gym 2,9455383235.0,walk,7714.350028063813,96.42937535079766
