"iteration","adjusted_rand_index"
1,0.981838751385297
2,0.896716626815186
3,0.94049575445918
4,1
5,0.905230603540848
6,0.984876209557153
7,0.8963401810748
8,1
9,0.984471328375296
10,0.93917470400181
11,1
12,0.912965819855591
13,0.892754067871379
14,0.895500214185106
15,0.983866725120561
16,0.850808138389287
17,1
18,0.862429057888763
19,0.922245997818056
20,0.709284913965151
21,0.896354497660177
22,0.873941264951454
23,0.850238911667348
24,1
25,0.863870692784232
26,0.896031883419651
27,1
28,1
29,1
30,0.852826601020563
31,0.969238403343264
32,0.969653180318301
33,0.651744048320695
34,0.905731465235611
35,0.961214751961952
36,0.960805053724881
37,0.935530360834601
38,0.924533801034513
39,1
40,0.839065379030777
41,0.927157485121768
42,0.947537373333978
43,0.833681544043229
44,0.960647432157833
45,1
46,0.8876474349865
47,1
48,0.869936361856326
49,0.919074315787587
50,1
51,1
52,0.951534503803105
53,1
54,0.93571941903486
55,0.829281328068506
56,0.924172860928084
57,0.901239837169239
58,1
59,0.986612028219516
60,0.909241678064165
61,0.922325743971118
62,0.901280436159688
63,0.907412832518114
64,0.614981362776892
65,1
66,0.774170195389341
67,0.961364693453501
68,0.984239600430631
69,0.938396654092323
70,1
71,0.837419417059648
72,0.870825450611765
73,0.934022854630778
74,0.933803703491758
75,0.8914560125928
76,0.956718182264222
77,0.89981083652887
78,1
79,0.909097069340196
80,1
81,0.92959634820498
82,0.919642983436355
83,0.853758696271376
84,0.921243936778259
85,0.938519171441163
86,0.940333579098911
87,1
88,0.814659084172075
89,0.846586019351615
90,0.919239254254571
91,0.953090058023871
92,0.883594436267808
93,0.946842715287979
94,0.905143459984549
95,0.873371572294367
96,0.872835405981175
97,0.900686637442041
98,1
99,0.900686637442041
100,0.918389993597414
101,0.939207491901991
102,0.900959277093117
103,1
104,0.837493155282356
105,0.947461795588314
106,1
107,0.89996103776002
108,1
109,1
110,1
111,1
112,0.85918674167296
113,0.864120530831647
114,1
115,0.948258971270387
116,0.904003086283194
117,1
118,1
119,0.854452168856643
120,0.992964988071067
121,1
122,0.831898294891978
123,1
124,1
125,0.916545561810294
126,0.87609621512921
127,0.83276934495566
128,0.862950273030382
129,0.987341131428115
130,1
131,0.869766333693326
132,0.843835853911238
133,0.928773668377278
134,0.89983227969028
135,0.921920299199611
136,0.899276253704028
137,0.572129315407334
138,0.98727634767583
139,0.843340800211111
140,0.840637099922279
141,0.945963071880518
142,0.926181196933001
143,1
144,0.902876559977324
145,0.90118142178904
146,0.886948163778385
147,1
148,0.81052085985719
149,0.848048409356311
150,0.902055000821812
151,0.848360265683738
152,0.91023448019487
153,0.961977717998094
154,0.895295956659843
155,1
156,0.877116944176787
157,0.89789474501331
158,0.961292360608681
159,0.888161608938821
160,1
161,1
162,0.906671042425573
163,0.922099157144804
164,0.9257101655471
165,0.987235285526508
166,0.985856859769771
167,0.896738156565293
168,0.969099769610021
169,0.904946439579797
170,0.905880266315425
171,0.984177821286044
172,0.961882369360132
173,0.955015255695894
174,0.962126277390006
175,0.895006777469455
176,0.920473551389746
177,0.900866898860474
178,0.956448666300791
179,1
180,0.940031976846722
181,0.986651556758375
182,0.899276253704028
183,0.922245997818056
184,0.888187188626177
185,1
186,0.911929238284738
187,0.929363016505484
188,0.969433474404769
189,1
190,0.956158877979817
191,0.899976695215028
192,1
193,1
194,1
195,0.910192180653659
196,0.895334848648207
197,0.898759892340039
198,0.840344686551905
199,0.877975231548195
200,0.986485352534373
201,0.912338550554022
202,0.923163436370251
203,0.956718182264222
204,0.93855197949044
205,0.865759473869766
206,1
207,1
208,0.91129186854084
209,0.985465990811555
210,1
211,0.942044481242722
212,1
213,0.942196200762345
214,0.880504271408905
215,0.883620771883344
216,0.924149227671956
217,1
218,0.877994647068365
219,0.940363852455432
220,0.809190397535833
221,0.842292959732314
222,1
223,0.871167486412225
224,0.924738505397867
225,0.820667180490034
226,0.878558431150612
227,0.982814085371129
228,0.913633157639643
229,1
230,1
231,0.927252762229374
232,0.983438508280291
233,0.954951221918039
234,0.987304044509699
235,0.855885444815974
236,0.968771207293358
237,1
238,1
239,1
240,0.836172970602046
241,1
242,0.860438914912389
243,0.964256256145441
244,0.800936302397965
245,0.896555328404322
246,0.840976599767014
247,0.85555838167466
248,0.984260732016635
249,0.983262734706411
250,0.912017704963384
251,1
252,0.939272672459484
253,0.847058363995719
254,0.879744045159114
255,1
256,0.987386983391165
257,1
258,0.891898245092888
259,0.882784432408265
260,0.916733768963822
261,0.923121149184232
262,0.877616675178093
263,0.984338644575608
264,1
265,0.952115250583531
266,0.839829552419796
267,0.960881415714314
268,1
269,1
270,0.936431258873819
271,0.902328039866085
272,0.851135475040409
273,0.87607163405479
274,1
275,0.890050487876658
276,1
277,1
278,1
279,0.821880004912741
280,1
281,1
282,0.881658146797634
283,0.866853538892782
284,1
285,1
286,1
287,0.940642574884761
288,1
289,1
290,0.910918461195754
291,1
292,0.628538033707587
293,0.98305320667456
294,1
295,1
296,0.938346385151214
297,0.947398841123129
298,1
299,1
300,0.905869290479072
301,1
302,0.878660134442292
303,1
304,0.951317479228234
305,0.98582453272859
306,0.885152261630237
307,1
308,0.863638934849321
309,1
310,0.918220559045539
311,0.832371380367935
312,0.82254038894021
313,0.899670406213641
314,0.87360266412345
315,0.564978398631229
316,1
317,0.911005755050123
318,0.938463387597015
319,1
320,0.922895032776783
321,0.889583675156023
322,1
323,0.958663563242097
324,0.912624909682237
325,0.629702080797543
326,1
327,0.87861815509004
328,1
329,0.940392554257136
330,1
331,0.828791328434926
332,0.983304924963087
333,0.823319016512102
334,0.838578403929143
335,0.874945539310885
336,0.897757354423829
337,0.984238113887743
338,0.913611163335484
339,0.893703452945159
340,1
341,0.955991248138091
342,1
343,0.932332703429593
344,0.969051760220268
345,0.63421476005069
346,0.947664353304651
347,0.876224928035959
348,1
349,0.984075056090218
350,1
351,0.969113120061862
352,0.915333326909329
353,1
354,0.819713197685753
355,1
356,0.901212849961901
357,0.940077692244641
358,0.925594840923252
359,0.891953660085461
360,0.901279397753288
361,1
362,1
363,0.916206784361899
364,1
365,0.843758938275842
366,1
367,0.892164609887957
368,0.950048346841762
369,1
370,1
371,0.889825637095229
372,0.901523885741153
373,0.866286763359817
374,0.902259511551859
375,1
376,1
377,0.938832099170254
378,0.939736285626423
379,1
380,0.968882332015816
381,0.85078070274005
382,1
383,1
384,1
385,0.969356042118963
386,0.955722586751512
387,0.956296950794888
388,0.908799859014275
389,0.956002100375001
390,0.924161934420223
391,0.855957760282809
392,1
393,1
394,0.886738970219255
395,0.827182263234667
396,1
397,0.933169418040637
398,0.93861695293053
399,0.895989720909561
400,0.907144092943288
401,1
402,0.844687922941176
403,0.913887926657398
404,0.939558081590524
405,0.875277687351766
406,0.917599815269777
407,1
408,0.940111991945497
409,1
410,0.93917470400181
411,0.892781451124839
412,0.968974915911352
413,0.916250747577343
414,0.724929980117495
415,0.865977545601697
416,1
417,0.928047579478657
418,1
419,1
420,1
421,0.873902286320323
422,0.983774289375303
423,0.775619342665445
424,0.876323836475363
425,1
426,1
427,0.891416049852696
428,1
429,0.923212296233436
430,0.63509568346495
431,0.910867068156688
432,0.904087799067389
433,0.907366189719131
434,0.988731595368866
435,0.912033577754023
436,0.952612472924398
437,1
438,0.860402742012569
439,0.887357704716551
440,0.899396540203764
441,0.910032658598807
442,1
443,1
444,0.967984338130324
445,0.916468582456984
446,0.952072545065221
447,0.905510199440566
448,1
449,0.876463700143996
450,0.969281433926731
451,0.938653506301538
452,1
453,0.940000814318625
454,0.866492072709964
455,0.838645698480756
456,0.847431696703901
457,0.885082084225553
458,0.843266582189827
459,0.884766551635008
460,0.929131832049694
461,0.899399205846518
462,0.898041716569971
463,1
464,0.821704040753362
465,0.872357688396547
466,1
467,1
468,0.909959027244392
469,0.961531816878949
470,0.924678741227217
471,0.894557031882222
472,0.87082171461903
473,0.97907065488596
474,1
475,1
476,0.859730324165461
477,0.908422052913018
478,0.917148453733065
479,0.930152166963702
480,0.877364662024715
481,0.878808395396073
482,0.893367588735626
483,0.957850713056292
484,0.969093474597555
485,1
486,0.842684112257346
487,1
488,0.844834809239704
489,0.850203790075213
490,0.832773911042457
491,0.93665856826313
492,1
493,0.917023071775625
494,1
495,0.905809278886517
496,0.761669052511005
497,0.929023941136508
498,0.902462624538048
499,0.902962874002795
500,1
