"participant_id","occupational_status","occupational_status_other","cluster","silhouette_width","is_medoid"
"679","Angestellt",,3,0.535384140928433,FALSE
"1119","Angestellt",,3,0.530744910355171,FALSE
"1353","Angestellt",,3,0.526397593557561,FALSE
"1584","Angestellt",,3,0.386167864720988,FALSE
"4511","Angestellt",,3,0.497714299857391,FALSE
"4847","Angestellt",,3,0.51490223988827,FALSE
"5220","Angestellt",,3,0.318010350184611,FALSE
"5314","Angestellt",,3,0.420774256928194,FALSE
"5360","Angestellt",,3,0.409776562536243,FALSE
"5747","Sonstiges","Krank geschrieben",4,0.173835701196375,FALSE
"6112","Selbständig",,3,0.0948292684162791,FALSE
"6752","Arbeitslos",,4,0.272890965981696,FALSE
"6759","Angestellt",,3,0.387712479803042,FALSE
"6770","Studium",,1,0.481431268809513,FALSE
"6786","Ausbildung/Lehre",,3,0.108172740309156,FALSE
"6834","Angestellt",,3,0.474473244479147,FALSE
"6861","Angestellt",,3,0.544197481435562,FALSE
"6881","Arbeitslos",,4,0.202971669780402,FALSE
"6929","Angestellt",,3,0.569132645226106,FALSE
"6951","Studium",,1,0.536851499431459,FALSE
"6952","Studium",,1,0.384959960078983,FALSE
"6955","Sonstiges","Studierend und Teilzeit angestellt",2,0.54377761550064,FALSE
"6960","Angestellt",,3,0.29744421406107,FALSE
"6970","Ausbildung/Lehre",,3,-0.0304440009065,FALSE
"6975","Studium",,1,0.541693182645103,FALSE
"6977","Studium",,1,0.513183233278818,FALSE
"6984","Studium",,1,0.517106449726788,FALSE
"6991","Studium",,4,-0.0829195559624247,FALSE
"6992","Studium",,1,0.482669978065201,FALSE
"6997","Angestellt",,3,0.480562563817369,FALSE
"7001","Studium",,1,0.580655752271662,FALSE
"7013","Studium",,1,0.535455623652265,FALSE
"7036","Studium",,1,0.476478484130722,FALSE
"7037","Studium",,1,0.451595732653398,FALSE
"7047","Studium",,1,0.476478484130722,FALSE
"7048","Studium",,1,0.50521582812426,FALSE
"7066","Studium",,1,0.518087168780122,FALSE
"7067","Studium",,1,0.590134272779595,TRUE
"7068","Studium",,1,0.290342262769962,FALSE
"7072","Angestellt",,3,0.431169164218849,FALSE
"7075","Studium",,1,0.570502413622655,FALSE
"7078","Studium",,1,0.578885814502614,FALSE
"7079","Studium",,1,0.557148408217523,FALSE
"7089","Studium",,1,0.545602104382349,FALSE
"7134","Sonstiges","Studium + 4'% angestellt",2,0.402455438732909,FALSE
"7136","Studium",,1,0.496522489158704,FALSE
"7141","Arbeitslos",,4,0.410334307319002,FALSE
"7149","Sonstiges","ich studiere und arbeite gleichzeitig",2,0.54424894400757,FALSE
"7173","Studium",,1,0.44580467928664,FALSE
"7186","Studium",,1,0.530464916159536,FALSE
"7187","Studium",,1,0.579730935401473,FALSE
"7192","Arbeitslos",,4,0.369993008632696,FALSE
"7193","Studium",,1,0.532016511775095,FALSE
"7197","Angestellt",,3,0.552470789307764,FALSE
"7203","Studium",,1,0.487675345117038,FALSE
"7212","Studium",,1,0.283968187332778,FALSE
"7230","Sonstiges","Studium +Teilzeittätigkeit",2,0.513249668615752,FALSE
"7234","Angestellt",,3,0.496701983549543,FALSE
"7240","Sonstiges","Pensioniert",4,0.132035701107405,FALSE
"7243","Angestellt",,3,0.494286896395597,FALSE
"7247","Angestellt",,3,0.520746583605461,FALSE
"7255","Sonstiges","Berufsbegleitendes Studium",2,0.518964281411969,FALSE
"7284","Studium",,1,0.382103112130594,FALSE
"7289","Sonstiges","Vollzeit Studium, Teilzeit Arbeit",2,0.513771634650996,FALSE
"7305","Angestellt",,3,0.4430896547404,FALSE
"7308","Studium",,1,0.549868152622772,FALSE
"7330","Sonstiges","Pension",2,0.0900853058207527,FALSE
"7351","Angestellt",,3,0.519630865673781,FALSE
"7357","Angestellt",,3,0.512952972853676,FALSE
"7360","Studium",,1,0.538854194441161,FALSE
"7363","Angestellt",,3,0.562834008142345,FALSE
"7365","Studium",,1,0.568571585900866,FALSE
"7382","Angestellt",,3,0.515506356515286,FALSE
"7383","Angestellt",,3,0.524394910855329,FALSE
"7388","Angestellt",,3,0.549104438747293,FALSE
"7417","Sonstiges","Rentner",2,0.100648671852185,FALSE
"7448","Ausbildung/Lehre",,1,0.0383899272199597,FALSE
"7451","Angestellt",,3,0.536875001954307,FALSE
"7457","Angestellt",,3,0.455623464712822,FALSE
"7463","Studium",,1,0.48828826047077,FALSE
"7468","Studium",,1,0.505437106248124,FALSE
"7492","Angestellt",,3,0.549321120945659,FALSE
"7510","Studium",,1,0.382288164383721,FALSE
"7522","Angestellt",,3,0.525044286808409,FALSE
"7527","Sonstiges","Werkstudentin",2,0.515717971924367,FALSE
"7530","Arbeitslos",,4,0.319047298291659,FALSE
"7546","Selbständig",,2,-0.050626865666467,FALSE
"7587","Sonstiges","Haushalt",2,0.538858479797361,FALSE
"7590","Studium",,1,0.547492447286128,FALSE
"7594","Studium",,1,0.540180977502125,FALSE
"7600","Angestellt",,3,0.469634294627645,FALSE
"7621","Angestellt",,3,0.535477602292089,FALSE
"7623","Studium",,1,0.532097134252166,FALSE
"7659","Sonstiges","Lehramtsreferendariat",2,0.419322624781813,FALSE
"7690","Sonstiges","Rentner",4,0.0999249209462342,FALSE
"7719","Angestellt",,3,0.455380036431644,FALSE
"7739","Angestellt",,3,0.491609762673975,FALSE
"7744","Studium",,1,0.374720806815796,FALSE
"7748","Angestellt",,3,0.522877308021818,FALSE
"7749","Angestellt",,3,0.517273030460118,FALSE
"7757","Studium",,1,0.388615143630023,FALSE
"7799","Studium",,1,0.350573298832561,FALSE
"7840","Angestellt",,3,0.520562291176457,FALSE
"7841","Studium",,1,0.283170969119375,FALSE
"7843","Angestellt",,3,0.415359045491389,FALSE
"7867","Sonstiges","Erwerbsminderungsrente",4,0.186533685034555,FALSE
"7893","Sonstiges","70% Anstellung und Teilzeitstudium",2,0.534512193197987,FALSE
"7935","Studium",,1,0.5416884547662,FALSE
"8021","Sonstiges","Selbstständig und angestellt",2,0.436985440799067,FALSE
"8030","Angestellt",,3,0.450395881298245,FALSE
"8031","Selbständig",,3,0.0601082147003387,FALSE
"8064","Angestellt",,3,0.545890194389995,FALSE
"8078","Angestellt",,3,0.402981785118145,FALSE
"8082","Angestellt",,3,0.353036909322041,FALSE
"8153","Sonstiges","Studium und Nebenjobs",2,0.541281017579243,TRUE
"8167","Angestellt",,3,0.502533216097396,FALSE
"8170","Angestellt",,3,0.521977474063817,FALSE
"8232","Selbständig",,1,0.0474996895691266,FALSE
"8233","Studium",,1,0.530179675956161,FALSE
"8234","Angestellt",,3,0.493231942702618,FALSE
"8235","Arbeitslos",,4,0.230850052916747,FALSE
"8237","Angestellt",,3,0.547069830068485,TRUE
"8238","Angestellt",,3,0.483647636668489,FALSE
"8239","Angestellt",,3,0.455353593079415,FALSE
"8240","Sonstiges","Privatier",2,0.430438588448353,FALSE
"8241","Ausbildung/Lehre",,3,-0.0326796169380267,FALSE
"8242","Studium",,1,0.54985871112576,FALSE
"8243","Selbständig",,3,-0.0511328711208651,FALSE
"8244","Angestellt",,3,0.400025347917275,FALSE
"8247","Angestellt",,3,0.443787630663391,FALSE
"8249","Studium",,1,0.55724782455803,FALSE
"8250","Angestellt",,3,0.509789361389571,FALSE
"8251","Studium",,1,0.459580339560438,FALSE
"8254","Angestellt",,3,0.51055145679925,FALSE
"8255","Selbständig",,3,-0.0484903040955051,FALSE
"8256","Arbeitslos",,1,-0.0901801144076285,FALSE
"8257","Angestellt",,3,0.457476037517803,FALSE
"8303","Arbeitslos",,4,0.483494593971755,TRUE
"8329","Angestellt",,3,0.546467204480757,FALSE
"8335","Angestellt",,3,0.534098995633774,FALSE
"8337","Angestellt",,3,0.446366251121339,FALSE
"8339","Angestellt",,3,0.527785016174483,FALSE
"8341","Angestellt",,3,0.540081109513883,FALSE
"8345","Angestellt",,3,0.454824798116884,FALSE
