"variant","k","average_silhouette","minimum_silhouette","negative_silhouette_n","negative_silhouette_proportion","minimum_cluster_size","maximum_cluster_size","cluster_sizes","pam_objective","silhouette_interpretation","meets_minimum_cluster_size"
"primary",2,0.307397575817482,-0.0319372277821543,5,0.0347222222222222,60,84,"84/60",0.138585196334641,"weak cluster structure",TRUE
"primary",3,0.365681663849117,-0.216824528658524,6,0.0416666666666667,17,72,"72/17/55",0.119935192323118,"weak cluster structure",TRUE
"primary",4,0.424923097426545,-0.0901801144076285,7,0.0486111111111111,12,67,"67/12/49/16",0.107040319106939,"weak cluster structure",TRUE
"primary",5,0.305474781156072,-0.0918217373998724,5,0.0347222222222222,12,51,"35/28/12/51/18",0.0999154322209036,"weak cluster structure",TRUE
"primary",6,0.310202711465589,-0.196180969202464,11,0.0763888888888889,6,51,"35/28/8/51/16/6",0.0943424554723227,"weak cluster structure",TRUE
"primary",7,0.321686736833444,-0.249347044599162,13,0.0902777777777778,6,49,"35/12/19/7/49/16/6",0.0892274916403407,"weak cluster structure",TRUE
"primary",8,0.340103649241372,-0.367253483917159,14,0.0972222222222222,6,48,"30/11/21/8/7/48/13/6",0.0839639881370412,"weak cluster structure",TRUE
"omit_pa",2,0.320099585208031,-0.0552671500909164,8,0.0555555555555556,64,80,"80/64",0.15032533204953,"weak cluster structure",TRUE
"omit_pa",3,0.383605656117126,-0.227304445581876,9,0.0625,17,72,"72/17/55",0.129342380461627,"weak cluster structure",TRUE
"omit_pa",4,0.452370620506668,-0.107033901183104,2,0.0138888888888889,12,63,"63/12/50/19",0.114293988706035,"weak cluster structure",TRUE
"omit_pa",5,0.324083968801486,-0.107033901183104,5,0.0347222222222222,12,50,"35/28/12/50/19",0.106297819661226,"weak cluster structure",TRUE
"omit_pa",6,0.335646546733307,-0.166259006065835,13,0.0902777777777778,6,48,"38/27/8/48/17/6",0.100171041879114,"weak cluster structure",TRUE
"omit_pa",7,0.363810778045384,-0.181423574315278,10,0.0694444444444444,6,47,"36/25/6/8/8/47/14",0.0939107879793897,"weak cluster structure",TRUE
"omit_pa",8,0.367512247246793,-0.251453192896489,15,0.104166666666667,6,47,"26/18/18/8/7/47/14/6",0.0876405842885096,"weak cluster structure",TRUE
"total_pa",2,0.30565436677887,-0.0491623117132457,7,0.0486111111111111,67,77,"77/67",0.14221296875347,"weak cluster structure",TRUE
"total_pa",3,0.360871069773333,-0.220960530899205,6,0.0416666666666667,17,72,"72/17/55",0.124344550363874,"weak cluster structure",TRUE
"total_pa",4,0.420346363532406,-0.100692897337213,10,0.0694444444444444,12,63,"63/12/20/49",0.111555388617434,"weak cluster structure",TRUE
"total_pa",5,0.295190126223576,-0.0940906855633612,7,0.0486111111111111,12,48,"40/26/12/48/18",0.103756804300829,"weak cluster structure",TRUE
"total_pa",6,0.305440267835074,-0.170812353670693,13,0.0902777777777778,6,48,"39/27/8/48/16/6",0.097975988716602,"weak cluster structure",TRUE
"total_pa",7,0.336279762106888,-0.158936781997424,9,0.0625,6,47,"38/26/8/6/47/13/6",0.0925608405523805,"weak cluster structure",TRUE
"total_pa",8,0.345858982329732,-0.159065650153774,8,0.0555555555555556,6,47,"27/18/19/8/6/47/13/6",0.0872552505589924,"weak cluster structure",TRUE
"omit_occupation",2,0.275518188088065,-0.093207207968192,7,0.0479452054794521,49,97,"97/49",0.105804617065927,"weak cluster structure",TRUE
"omit_occupation",3,0.285769889472648,-0.101866851382411,6,0.0410958904109589,15,90,"90/41/15",0.0935268705757492,"weak cluster structure",TRUE
"omit_occupation",4,0.296573699578326,-0.237237307049263,14,0.0958904109589041,13,73,"73/22/38/13",0.0854740105190448,"weak cluster structure",TRUE
"omit_occupation",5,0.320141156724873,-0.182843723511392,13,0.089041095890411,6,71,"71/23/36/10/6",0.079255325253706,"weak cluster structure",TRUE
"omit_occupation",6,0.307732777076323,-0.323167122027771,18,0.123287671232877,6,63,"63/20/36/10/11/6",0.0747498542369744,"weak cluster structure",TRUE
"omit_occupation",7,0.307834206457268,-0.315333422386964,21,0.143835616438356,6,64,"64/15/30/13/7/11/6",0.0710987096498625,"weak cluster structure",TRUE
"omit_occupation",8,0.324809243335084,-0.320031649230825,21,0.143835616438356,3,63,"63/15/30/13/7/11/4/3",0.0678579836139772,"weak cluster structure",FALSE
"add_daily_routine",2,0.234448779904057,-0.0769654190217624,10,0.0694444444444444,64,80,"80/64",0.124670818000092,"no substantial cluster structure",TRUE
"add_daily_routine",3,0.258189066565521,-0.269417131700972,8,0.0555555555555556,15,73,"73/15/56",0.115498570217846,"weak cluster structure",TRUE
"add_daily_routine",4,0.296559505501566,-0.186643698211757,3,0.0208333333333333,4,69,"69/20/51/4",0.10850989290226,"weak cluster structure",FALSE
"add_daily_routine",5,0.293343690695191,-0.118325673555017,9,0.0625,4,68,"68/10/48/14/4",0.102998467426441,"weak cluster structure",FALSE
"add_daily_routine",6,0.225175139752647,-0.127108659976656,14,0.0972222222222222,4,50,"50/20/8/48/14/4",0.0995795818147237,"no substantial cluster structure",FALSE
"add_daily_routine",7,0.247649697420793,-0.189144012370884,12,0.0833333333333333,4,48,"45/20/8/6/48/13/4",0.0966094264375186,"no substantial cluster structure",FALSE
"add_daily_routine",8,0.24355985118416,-0.155991725004921,12,0.0833333333333333,4,48,"45/18/6/6/4/48/13/4",0.0939194870768315,"no substantial cluster structure",FALSE
"add_poi",2,0.244195303471052,-0.112950332201809,9,0.0633802816901408,62,80,"80/62",0.133097725393123,"no substantial cluster structure",TRUE
"add_poi",3,0.294276837155813,-0.162336850265646,8,0.0563380281690141,17,73,"73/17/52",0.119309124292274,"weak cluster structure",TRUE
"add_poi",4,0.339191306292609,-0.147971380591848,5,0.0352112676056338,11,65,"65/11/49/17",0.110458084908856,"weak cluster structure",TRUE
"add_poi",5,0.243107249699317,-0.126522441829168,14,0.0985915492957746,11,49,"46/19/11/49/17",0.105143663959424,"no substantial cluster structure",TRUE
"add_poi",6,0.251634114014667,-0.163208122664952,10,0.0704225352112676,6,48,"45/20/8/48/15/6",0.100367574192404,"weak cluster structure",TRUE
"add_poi",7,0.248647862574512,-0.146511437207572,11,0.0774647887323944,6,48,"19/27/19/8/48/15/6",0.0961099269486564,"no substantial cluster structure",TRUE
"add_poi",8,0.212867775205744,-0.171227889950655,10,0.0704225352112676,6,37,"19/27/19/7/37/15/12/6",0.0924652146085003,"no substantial cluster structure",TRUE
"add_residential_context",2,0.181631283924162,-0.133133976970837,15,0.104895104895105,61,82,"61/82",0.173600723077251,"no substantial cluster structure",TRUE
"add_residential_context",3,0.199284905440845,-0.200391474142645,16,0.111888111888112,34,58,"58/51/34",0.162397386579296,"no substantial cluster structure",TRUE
"add_residential_context",4,0.144295955419595,-0.169903053882854,23,0.160839160839161,24,49,"33/49/37/24",0.148259470928506,"no substantial cluster structure",TRUE
"add_residential_context",5,0.171634259612178,-0.13253037249519,14,0.0979020979020979,13,41,"30/41/13/35/24",0.139005494541368,"no substantial cluster structure",TRUE
"add_residential_context",6,0.196208258920991,-0.240766038612324,11,0.0769230769230769,11,36,"30/36/11/28/23/15",0.131230994523081,"no substantial cluster structure",TRUE
"add_residential_context",7,0.198592291131876,-0.266267392635762,11,0.0769230769230769,8,31,"30/31/10/27/23/14/8",0.126812208686103,"no substantial cluster structure",TRUE
"add_residential_context",8,0.171143066154083,-0.266267392635762,17,0.118881118881119,8,27,"25/22/14/10/27/23/14/8",0.122359533153215,"no substantial cluster structure",TRUE
"add_sociodemographics",2,0.334208712224071,-0.0867431516095114,1,0.00719424460431655,69,70,"69/70",0.142929200975692,"weak cluster structure",TRUE
"add_sociodemographics",3,0.369865208469642,-0.179821915244464,3,0.0215827338129496,14,66,"66/59/14",0.1299591652683,"weak cluster structure",TRUE
"add_sociodemographics",4,0.361029322313315,-0.209534032997314,4,0.0287769784172662,12,58,"56/12/13/58",0.120498668247205,"weak cluster structure",TRUE
"add_sociodemographics",5,0.355037767417995,-0.199095851832686,6,0.0431654676258993,10,50,"50/14/10/49/16",0.112600531863758,"weak cluster structure",TRUE
"add_sociodemographics",6,0.339320640402191,-0.190988288562096,4,0.0287769784172662,6,52,"52/11/6/7/49/14",0.107482587981957,"weak cluster structure",TRUE
"add_sociodemographics",7,0.334234995182958,-0.190988288562096,5,0.0359712230215827,6,49,"47/9/7/6/7/49/14",0.10249180177063,"weak cluster structure",TRUE
"add_sociodemographics",8,0.301326926084464,-0.15633386351541,5,0.0359712230215827,6,47,"47/9/7/6/7/41/14/8",0.0989097134020732,"weak cluster structure",TRUE
"add_routine_and_poi",2,0.196925467639086,-0.0607673152616907,9,0.0633802816901408,63,79,"79/63",0.124956198410085,"no substantial cluster structure",TRUE
"add_routine_and_poi",3,0.235324298220203,-0.139687740334842,7,0.0492957746478873,22,66,"66/22/54",0.116984650395195,"no substantial cluster structure",TRUE
"add_routine_and_poi",4,0.254536673130225,-0.0784815807928718,6,0.0422535211267606,5,66,"66/20/51/5",0.111050340225377,"weak cluster structure",TRUE
"add_routine_and_poi",5,0.250713564659036,-0.120393824707342,7,0.0492957746478873,4,64,"64/10/49/15/4",0.106507247255713,"weak cluster structure",FALSE
"add_routine_and_poi",6,0.188562715511142,-0.118615388166511,10,0.0704225352112676,4,51,"51/14/9/49/15/4",0.103679482284854,"no substantial cluster structure",FALSE
"add_routine_and_poi",7,0.147940501735309,-0.215161965728799,19,0.133802816901408,4,51,"51/14/9/16/33/15/4",0.100895121154856,"no substantial cluster structure",FALSE
"add_routine_and_poi",8,0.129748196828876,-0.165888465210631,18,0.126760563380282,4,33,"33/11/23/8/33/15/15/4",0.098387921504126,"no substantial cluster structure",FALSE
"full_context",2,0.186263942326473,-0.0652701910979582,6,0.0441176470588235,66,70,"70/66",0.154475547500753,"no substantial cluster structure",TRUE
"full_context",3,0.133027905682518,-0.200746495024686,23,0.169117647058824,33,63,"63/33/40",0.145217980440155,"no substantial cluster structure",TRUE
"full_context",4,0.14254280389222,-0.148661414622246,12,0.0882352941176471,17,56,"56/33/17/30",0.13997951515617,"no substantial cluster structure",TRUE
"full_context",5,0.135539615066555,-0.195424059953936,17,0.125,15,44,"44/15/30/17/30",0.134776226983441,"no substantial cluster structure",TRUE
"full_context",6,0.139065297537233,-0.151884345393173,13,0.0955882352941176,5,44,"44/15/30/15/27/5",0.129980161290964,"no substantial cluster structure",TRUE
"full_context",7,0.0927548597868488,-0.219091019737385,22,0.161764705882353,5,30,"30/14/19/29/18/21/5",0.12604811085817,"no substantial cluster structure",TRUE
"full_context",8,0.0989072541096289,-0.175038811524453,22,0.161764705882353,4,30,"30/14/16/28/7/21/16/4",0.123040126605549,"no substantial cluster structure",FALSE
"phase_compatible",2,0.323107848500733,-0.0573648162097298,6,0.0444444444444444,55,80,"80/55",0.128371358370558,"weak cluster structure",TRUE
"phase_compatible",3,0.407908835954689,-0.13869085938283,8,0.0592592592592593,23,62,"62/23/50",0.110667897321359,"weak cluster structure",TRUE
"phase_compatible",4,0.415024339295569,-0.20167625254998,8,0.0592592592592593,11,61,"61/11/16/47",0.100045163275656,"weak cluster structure",TRUE
"phase_compatible",5,0.309881710364049,-0.197100732570523,8,0.0592592592592593,11,48,"35/25/11/48/16",0.0927607401861104,"weak cluster structure",TRUE
"phase_compatible",6,0.314766288471198,-0.291751399047128,14,0.103703703703704,10,47,"32/10/21/10/47/15",0.0874571823771504,"weak cluster structure",TRUE
"phase_compatible",7,0.347498310648446,-0.348693802556277,12,0.0888888888888889,8,45,"30/10/20/10/8/45/12",0.0817357492891707,"weak cluster structure",TRUE
"phase_compatible",8,0.363128284850942,-0.348693802556277,11,0.0814814814814815,4,45,"30/10/20/7/7/45/12/4",0.0764628242387346,"weak cluster structure",FALSE
